timestamp,1,2,3,4,5,6
1553847628.43,37.6951,36.5976,37.5,48.0975,53.5976,17.5976
1553847628.44,38.1951,36.7927,37.5976,48.792699999999996,52.9024,18.0976
1553847628.45,37.6951,36.7927,37.4024,48.6951,52.5976,16.5
1553847628.46,37.6951,37.0976,37.9024,48.5,52.5,17.1951
1553847628.47,37.9024,37.0976,37.9024,49.0,52.0,16.5
1553847628.48,37.4024,37.0976,37.4024,48.792699999999996,52.5,16.9024
1553847628.49,37.9024,37.1951,38.5976,47.304899999999996,53.2927,17.8049
1553847628.5,39.0,36.6951,37.1951,46.7073,53.7927,17.0
1553847628.51,38.1951,37.2927,37.9024,48.3049,52.6951,17.8049
1553847628.52,37.7927,36.9024,37.5976,46.40239999999999,52.2927,18.8049
1553847628.53,37.7927,37.0976,37.5976,48.9025,53.6951,18.0976
1553847628.54,38.0976,36.9024,37.6951,47.99999999999999,53.7927,17.3049
1553847628.55,37.7927,36.5,37.9024,48.9025,52.6951,17.0
1553847628.56,37.7927,36.9024,37.1951,49.0,52.1951,16.6951
1553847628.57,37.7927,36.9024,37.2927,49.390299999999996,51.9024,16.8049
1553847628.58,39.2927,36.9024,37.7927,49.0,52.1951,16.0
1553847628.59,37.7927,36.4024,38.0976,47.9025,53.1951,18.0976
1553847628.6,37.9024,36.1951,36.9024,48.0,53.6951,17.6951
1553847628.61,38.0976,37.1951,37.2927,48.5975,53.0976,18.1951
1553847628.62,37.5,37.2927,36.9024,48.0976,52.5,17.1951
1553847628.63,37.6951,36.7927,37.5976,45.4025,53.6951,18.0976
1553847628.64,38.0976,36.7927,37.9024,47.9024,54.0,17.9024
1553847628.65,38.2927,37.1951,37.9024,47.5,53.0,16.4024
1553847628.66,39.5,36.9024,37.5,48.49999999999999,53.2927,17.0976
1553847628.67,37.6951,37.0,37.5,46.9024,53.5,17.5
1553847628.68,38.0976,37.0976,37.5,48.4025,53.6951,18.0
1553847628.69,38.0,36.9024,38.0,48.4024,53.5976,18.0976
1553847628.7,38.0,36.7927,37.5,48.0976,53.6951,17.9024
1553847628.71,37.7927,37.0,37.1951,48.0,53.5976,18.0
1553847628.72,37.7927,36.6951,38.0,49.292699999999996,52.0,16.3049
1553847628.73,37.9024,36.5976,37.7927,48.40239999999999,52.7927,16.0
1553847628.74,39.6951,36.5,37.9024,47.1951,53.5,17.6951
1553847628.75,37.7927,36.9024,37.2927,47.1097,53.7927,17.9024
1553847628.76,38.0,37.0,37.1951,49.2073,52.2927,16.8049
1553847628.77,38.0,37.4024,37.7927,49.6097,51.7927,16.8049
1553847628.78,37.9024,36.7927,37.6951,48.4025,52.1951,16.1951
1553847628.79,38.4024,36.6951,37.5976,49.0975,52.0976,17.3049
1553847628.8,38.2927,37.0976,37.0,46.8048,53.5976,18.0
1553847628.81,37.9024,37.0976,37.0,48.5976,52.6951,16.6951
1553847628.82,39.0976,36.6951,37.2927,48.9024,52.5,17.8049
1553847628.83,38.0,36.7927,37.5,48.390299999999996,52.9024,16.5976
1553847628.84,38.0,36.7927,37.6951,49.0976,52.0,16.9024
1553847628.85,37.5976,36.7927,37.5,48.6951,52.5976,16.1951
1553847628.86,38.6951,37.0976,37.6951,45.890299999999996,53.9024,17.9024
1553847628.87,37.5976,36.7927,37.6951,47.304899999999996,53.2927,17.5976
1553847628.88,38.0976,37.0976,37.5,47.0,53.9024,17.3049
1553847628.89,39.0,37.1951,37.5,48.6951,52.5976,17.5
1553847628.9,39.2927,37.0976,37.5976,48.6951,52.0,17.5976
1553847628.91,37.9024,36.9024,37.5,49.0,52.5976,15.8049
1553847628.92,37.7927,36.2927,37.5,49.0,52.0,17.4024
1553847628.93,37.7927,37.0,38.1951,47.792699999999996,53.0,17.0976
1553847628.94,38.4024,36.9024,37.5976,48.5,52.0,16.0
1553847628.95,38.0,37.5976,37.5976,47.707300000000004,52.6951,17.6951
1553847628.96,38.5976,37.1951,37.5976,47.5976,53.6951,17.0
1553847628.97,38.2927,36.7927,37.6951,48.792699999999996,52.4024,17.1951
1553847628.98,39.0976,37.0976,37.0,50.0,51.6951,16.5
1553847628.99,38.0,36.9024,38.7927,48.4024,52.5,16.3049
1553847629.0,38.0,37.0976,37.0976,46.5975,54.0976,17.8049
1553847629.01,37.9024,37.0976,36.9024,48.5,53.0976,17.0976
1553847629.02,37.2927,37.0,37.2927,48.304899999999996,52.7927,16.8049
1553847629.03,37.6951,36.5,37.5976,50.40239999999999,51.7927,16.0976
1553847629.04,38.0976,36.6951,38.4024,46.5,52.4024,20.1951
1553847629.05,37.5,36.9024,37.9024,47.9024,53.5,18.1951
1553847629.06,39.5976,37.7927,37.5976,47.8048,53.5976,16.5976
1553847629.07,37.1951,36.7927,38.0976,48.0,53.5,18.3049
1553847629.08,36.5976,37.4024,37.4024,46.707300000000004,53.6951,17.8049
1553847629.09,37.9024,36.7927,37.5976,46.90239999999999,53.2927,17.0976
1553847629.1,38.1951,36.6951,37.2927,51.390299999999996,51.4024,16.1951
1553847629.11,38.0976,37.1951,37.7927,48.6097,52.2927,17.3049
1553847629.12,38.4024,36.5976,37.7927,49.0976,52.0,16.3049
1553847629.13,37.6951,36.9024,37.5,47.1951,53.0,18.0976
1553847629.14,39.4024,37.1951,37.4024,46.1097,53.7927,17.0976
1553847629.15,38.0976,36.5976,37.2927,49.0,52.4024,17.0976
1553847629.16,38.1951,36.7927,37.6951,48.0976,53.5,18.0
1553847629.17,38.4024,36.9024,37.4024,48.0,53.4024,18.3049
1553847629.18,38.1951,37.0,38.0976,49.5,51.9024,16.8049
1553847629.19,37.6951,37.1951,38.0976,47.0,53.6951,16.0976
1553847629.2,38.1951,37.4024,37.0,47.0976,53.9024,17.9024
1553847629.21,38.0976,36.4024,37.4024,47.804899999999996,53.2927,18.0976
1553847629.22,38.0,36.7927,37.2927,49.5,51.9024,16.0
1553847629.23,37.9024,36.7927,37.7927,48.0,52.1951,16.6951
1553847629.24,38.4024,36.7927,37.6951,47.292699999999996,51.9024,16.3049
1553847629.25,37.4024,36.5,37.9024,47.390299999999996,53.4024,17.5976
1553847629.26,40.0976,36.4024,38.2927,46.6951,53.5,17.5
1553847629.27,37.2927,36.9024,37.2927,48.4024,52.0,16.5976
1553847629.28,37.0976,37.4024,37.1951,49.792699999999996,51.9024,16.9024
1553847629.29,38.2927,36.4024,38.0,48.5,52.0,17.4024
1553847629.3,38.9024,37.6951,37.5,45.5,54.4024,18.0
1553847629.31,38.0976,36.9024,37.9024,48.1951,52.5976,16.9024
1553847629.32,38.5976,37.0,38.0,48.1952,53.4024,18.0976
1553847629.33,38.1951,36.9024,37.9024,48.4024,53.0976,17.9024
1553847629.34,38.1951,37.1951,37.4024,47.5976,53.4024,18.0976
1553847629.35,37.7927,36.9024,37.5,48.49999999999999,52.2927,17.5
1553847629.36,38.5,36.7927,37.2927,49.1952,51.9024,16.8049
1553847629.37,38.0976,36.6951,37.4024,48.7073,52.2927,16.5
1553847629.38,39.0,37.5,37.5976,48.5976,51.6951,17.0
1553847629.39,38.0,36.9024,37.9024,48.6097,52.2927,16.0
1553847629.4,38.0,36.4024,37.4024,46.49999999999999,53.2927,17.0976
1553847629.41,38.0,37.0976,37.4024,47.1097,53.7927,17.5976
1553847629.42,37.5,37.5976,37.5,47.6952,53.4024,17.0976
1553847629.43,38.0,37.0,37.1951,48.0976,52.5,16.8049
1553847629.44,38.2927,36.7927,37.5,49.5976,52.0,16.4024
1553847629.45,36.9024,36.6951,37.9024,48.0,52.4024,16.8049
1553847629.46,38.5976,37.5,37.2927,48.390299999999996,51.9024,16.0
1553847629.47,38.4024,36.2927,37.4024,47.8048,53.0976,17.5976
1553847629.48,37.0,37.4024,37.7927,46.6951,53.5976,16.9024
1553847629.49,38.0,36.5,37.5,47.804899999999996,53.2927,17.0976
1553847629.5,37.9024,36.5976,37.0976,48.0976,52.1951,17.8049
1553847629.51,37.5,36.7927,37.5976,51.2073,51.7927,16.8049
1553847629.52,38.5,36.9024,37.4024,48.5976,53.1951,18.0976
1553847629.53,37.5976,37.0976,38.1951,47.1951,53.5,17.9024
1553847629.54,38.6951,37.1951,38.0976,47.707300000000004,52.1951,17.0
1553847629.55,37.7927,36.7927,36.6951,48.6952,51.9024,16.1951
1553847629.56,38.7927,37.0,37.6951,48.1952,52.4024,17.8049
1553847629.57,37.1951,37.1951,37.7927,46.8048,53.5976,17.0
1553847629.58,37.7927,36.9024,37.5976,46.390299999999996,53.4024,17.5976
1553847629.59,37.9024,37.2927,37.6951,47.99999999999999,52.7927,18.0
1553847629.6,38.0,36.6951,37.0,48.804899999999996,52.2927,17.1951
1553847629.61,38.6951,36.6951,37.4024,49.292699999999996,51.4024,17.1951
1553847629.62,38.4024,37.9024,38.0976,49.1097,51.7927,17.3049
1553847629.63,37.6951,36.5,37.6951,47.5,53.5,17.5
1553847629.64,38.2927,36.9024,37.7927,48.8048,52.5976,17.5
1553847629.65,38.2927,37.0976,37.4024,49.1951,52.0976,18.0
1553847629.66,38.0,37.4024,36.7927,48.8049,52.1951,16.5976
1553847629.67,37.7927,37.1951,37.4024,48.1952,52.9024,18.0976
1553847629.68,38.0,36.6951,38.0976,47.3048,53.0976,18.0
1553847629.69,37.5976,36.7927,38.4024,48.0,52.4024,18.1951
1553847629.7,38.6951,37.2927,37.5,48.6952,52.4024,17.5
1553847629.71,38.6951,37.4024,38.0976,48.5,51.9024,16.1951
1553847629.72,38.6951,37.0976,37.1951,47.40239999999999,52.7927,17.8049
1553847629.73,38.0,36.6951,37.5976,47.4024,53.5,17.5976
1553847629.74,37.6951,36.6951,37.6951,47.707300000000004,53.1951,17.3049
1553847629.75,38.1951,37.5,37.5976,48.0976,53.1951,18.0976
1553847629.76,38.7927,37.4024,37.4024,48.8049,52.1951,17.0
1553847629.77,37.2927,37.0,37.6951,47.8049,53.1951,18.1951
1553847629.78,38.5976,37.0,37.7927,48.8048,53.0976,18.0
1553847629.79,38.0,37.0976,38.4024,47.9024,53.0,18.0
1553847629.8,38.1951,36.6951,37.6951,48.4024,52.5,17.4024
1553847629.81,37.7927,36.7927,37.5,49.792699999999996,50.9024,16.6951
1553847629.82,37.0976,37.2927,37.6951,47.99999999999999,52.2927,16.5976
1553847629.83,38.0976,36.9024,37.4024,46.9024,53.0,16.5
1553847629.84,38.0976,36.9024,38.0976,46.5975,53.0976,17.8049
1553847629.85,37.6951,37.4024,37.2927,47.890299999999996,52.4024,17.0
1553847629.86,38.7927,37.5,37.7927,48.292699999999996,51.9024,16.9024
1553847629.87,38.5,37.0976,38.0,47.7073,52.2927,16.5976
1553847629.88,37.0,37.2927,37.2927,49.4025,51.6951,17.0976
1553847629.89,38.1951,36.7927,38.0976,48.1097,52.2927,16.1951
1553847629.9,38.0,37.0976,37.6951,48.0,52.0976,17.3049
1553847629.91,38.2927,37.0,36.6951,47.5976,53.1951,16.6951
1553847629.92,38.6951,36.5976,37.2927,48.292699999999996,52.0,19.0
1553847629.93,37.5976,36.9024,37.7927,49.804899999999996,51.7927,16.6951
1553847629.94,38.5,37.0,37.5,48.5976,51.5,16.8049
1553847629.95,37.7927,36.7927,37.6951,47.792699999999996,52.5,16.8049
1553847629.96,37.6951,37.0976,37.6951,48.304899999999996,51.7927,16.5976
1553847629.97,37.4024,37.2927,37.6951,47.804899999999996,52.2927,17.0976
1553847629.98,37.5976,36.9024,37.5976,47.8048,52.5976,18.1951
1553847629.99,38.0,37.2927,37.6951,45.99999999999999,52.7927,17.0
1553847630.0,38.0976,36.6951,37.5,48.1951,53.0976,18.0976
1553847630.01,37.5976,37.5,37.7927,48.1951,52.5976,17.4024
1553847630.02,38.1951,36.9024,37.7927,46.3048,53.5976,17.5
1553847630.03,37.7927,37.0,37.4024,46.90239999999999,53.7927,16.4024
1553847630.04,37.5,37.0,38.5976,48.6951,52.0976,17.6951
1553847630.05,37.4024,37.7927,37.9024,48.207300000000004,51.6951,17.1951
1553847630.06,38.0976,37.1951,37.2927,47.5975,52.0976,16.5
1553847630.07,38.6951,36.9024,37.9024,48.2073,51.7927,16.0
1553847630.08,37.0976,36.6951,37.6951,48.207300000000004,52.1951,17.9024
1553847630.09,37.5976,37.4024,37.7927,47.8049,53.1951,16.9024
1553847630.1,38.2927,37.2927,37.2927,48.8048,53.0976,17.4024
1553847630.11,38.0,37.4024,37.5976,48.4025,53.1951,16.8049
1553847630.12,37.7927,36.9024,37.6951,48.4024,52.5976,16.4024
1553847630.13,37.6951,36.7927,37.4024,47.0,53.5,17.5
1553847630.14,38.0976,37.0976,37.5976,46.207300000000004,53.6951,17.0976
1553847630.15,38.2927,37.1951,37.5976,46.49999999999999,53.7927,17.3049
1553847630.16,38.0,37.2927,37.0976,47.292699999999996,54.0,17.5976
1553847630.17,37.1951,36.4024,37.2927,48.6952,52.9024,16.9024
1553847630.18,38.5,37.0,37.5,48.5,52.6951,16.5976
1553847630.19,37.6951,36.9024,38.7927,49.0,52.5976,16.6951
1553847630.2,38.0,37.0976,38.1951,48.0976,52.4024,16.0976
1553847630.21,38.0976,36.6951,38.0,48.0,53.5,17.6951
1553847630.22,36.6951,37.9024,37.4024,47.0,54.0976,16.9024
1553847630.23,37.9024,37.0,37.5,48.5976,52.9024,17.9024
1553847630.24,37.6951,37.0,38.0,48.9025,52.6951,16.5
1553847630.25,37.2927,36.9024,37.5976,47.6951,53.0976,16.5
1553847630.26,38.2927,38.5,38.0976,48.49999999999999,52.2927,16.9024
1553847630.27,38.1951,37.1951,37.5,47.0,54.0976,16.3049
1553847630.28,37.6951,37.6951,37.6951,46.792699999999996,53.9024,17.6951
1553847630.29,38.5,36.6951,37.5976,47.5975,53.0976,17.0976
1553847630.3,37.0,36.4024,38.0976,47.8049,52.6951,17.5
1553847630.31,38.0976,37.7927,37.6951,46.6952,53.9024,17.4024
1553847630.32,37.9024,35.7927,37.4024,47.3048,53.5976,17.0
1553847630.33,38.1951,37.0976,37.6951,47.5976,53.6951,17.6951
1553847630.34,37.7927,36.9024,37.5,48.5976,52.6951,17.6951
1553847630.35,37.4024,36.9024,37.6951,49.0976,52.1951,17.0
1553847630.36,399.5976,799.6098,624.439,49.0,51.5976,16.3049
1553847630.38,374.4878,791.7073,600.5366,49.89019999999999,53.0,22.6951
1553847630.39,374.2927,809.4146,612.2439,48.0,53.1951,22.4024
1553847630.4,373.9878,800.9268,605.8537,46.5976,55.9024,22.4024
1553847630.41,389.1829,801.8049,597.1463,48.5,53.6951,23.3049
1553847630.42,369.5854,810.2439,591.0488,48.707300000000004,53.6951,22.5
1553847630.43,373.9878,810.6341,609.7317,47.7073,53.2927,23.5976
1553847630.44,371.1829,800.1463,610.1463,47.0976,53.4024,24.4024
1553847630.45,379.0854,800.5366,581.7561,49.6951,53.0,22.9024
1553847630.46,377.7805,808.6341,594.1463,45.792699999999996,53.4024,23.0
1553847630.47,376.1829,803.5122,605.8537,49.4024,53.0,23.6951
1553847630.48,372.3902,826.2439,584.9512,48.9025,53.6951,22.5
1553847630.49,377.7805,801.3171,593.439,52.1951,53.0976,23.5976
1553847630.5,371.0854,803.7073,580.5366,47.29259999999999,56.0976,24.0
1553847630.51,381.6829,829.2195,597.0488,49.3049,54.6951,24.5976
1553847630.52,376.1829,835.0244,600.8537,49.0,55.0976,25.0976
1553847630.53,375.5854,825.2195,600.3415,49.292699999999996,55.4024,24.4024
1553847630.54,354.6829,856.9268,622.9512,48.792699999999996,55.5,25.5
1553847630.55,372.5854,831.8049,602.8537,47.5,56.5,24.6951
1553847630.56,374.4878,800.1463,629.1463,48.792699999999996,55.9024,26.0976
1553847630.57,376.1829,762.6341,613.8537,51.1952,54.9024,23.9024
1553847630.58,365.6829,748.6341,655.3415,46.304899999999996,56.2927,24.6951
1553847630.59,368.1829,750.3415,639.439,48.6951,55.6951,24.9024
1553847630.6,390.561,727.4146,652.6341,50.2073,54.7927,24.4024
1553847630.61,408.8537,751.6098,642.7317,50.5,54.6951,24.3049
1553847630.62,414.6585,789.2195,617.8293,50.40239999999999,55.7927,24.9024
1553847630.63,385.4634,847.7073,674.3415,48.5976,55.9024,23.6951
1553847630.64,373.4634,849.9024,655.9268,48.6951,54.6951,23.5976
1553847630.65,404.6585,787.7073,624.439,49.8049,55.6951,24.1951
1553847630.66,379.2683,822.9268,588.439,47.99999999999999,56.2927,24.0976
1553847630.67,369.3659,837.3171,592.5366,49.29259999999999,54.5976,24.5976
1553847630.68,381.9756,768.1463,587.0488,50.6952,55.4024,24.3049
1553847630.69,388.2683,731.9512,662.5366,48.5976,55.9024,24.5
1553847630.7,385.1707,861.9024,649.0488,50.98779999999999,55.9024,24.0976
1553847630.71,366.1707,842.5366,640.2439,50.0,55.0,24.8049
1553847630.72,380.6585,838.5366,641.1463,47.3049,56.6951,25.0976
1553847630.73,419.561,804.1463,596.9512,47.5975,55.0976,23.8049
1553847630.74,373.3659,719.0244,581.8537,49.0,55.5,23.6951
1553847630.75,369.9756,800.7317,594.1463,47.2073,56.7927,25.3049
1553847630.76,372.6585,779.4146,680.7317,49.90239999999999,55.2927,24.1951
1553847630.77,404.0732,809.6098,638.8293,51.390299999999996,54.4024,25.1951
1553847630.78,368.3659,757.4146,613.0488,49.5976,54.9024,24.0976
1553847630.79,429.6585,771.122,610.7317,47.304899999999996,55.7927,24.1951
1553847630.8,374.1707,830.8293,609.7317,51.98779999999999,54.4024,24.9024
1553847630.81,365.8537,795.5122,605.8537,51.792699999999996,54.9024,25.1951
1553847630.82,400.6585,733.8537,614.8293,48.09749999999999,55.7927,24.6951
1553847630.83,393.0732,776.439,634.6341,48.49999999999999,55.2927,23.5976
1553847630.84,386.4634,806.8293,629.439,48.390299999999996,55.4024,24.8049
1553847630.85,352.0732,784.3415,637.2439,50.6952,55.9024,25.6951
1553847630.86,375.6585,798.7317,642.7317,49.4024,54.0976,23.8049
1553847630.87,379.6585,797.8049,583.7561,50.890299999999996,55.4024,25.0
1553847630.88,379.561,828.0,637.0488,49.5976,55.1951,24.0
1553847630.89,375.2683,858.3415,637.2439,48.1951,55.5976,23.5976
1553847630.9,395.3659,831.0244,617.6341,49.890299999999996,54.9024,24.5976
1553847630.91,398.8537,736.0488,610.2439,50.792699999999996,54.4024,24.4024
1553847630.92,378.9756,811.9024,607.3415,48.5976,55.5,23.8049
1553847630.93,410.7561,830.8293,639.2439,49.304899999999996,54.2927,24.0
1553847630.94,391.2683,911.8049,642.7317,49.6951,55.6951,25.0976
1553847630.95,382.1707,890.0,619.6341,48.0976,56.0,25.4024
1553847630.96,395.9512,782.5366,617.0488,48.5976,54.9024,25.0
1553847630.97,371.0732,873.8049,655.5366,48.6952,54.9024,24.6951
1553847630.98,378.1707,762.8293,632.0488,48.804899999999996,56.2927,25.1951
1553847630.99,403.7561,827.4146,594.5366,47.890299999999996,54.9024,25.0976
1553847631.0,360.8537,798.439,650.7317,50.1951,55.0,25.0976
1553847631.01,396.9512,902.1951,628.1463,48.4025,54.6951,24.9024
1553847631.02,378.3659,798.1463,633.439,50.5976,53.9024,23.8049
1553847631.03,393.6585,885.9024,591.7317,49.39019999999999,55.5,24.0976
1553847631.04,385.4634,868.5366,641.2439,49.09749999999999,55.2927,25.0976
1553847631.05,384.561,817.0244,649.3415,49.49999999999999,56.2927,24.4024
1553847631.06,370.7561,846.9268,603.6341,49.0,55.1951,24.8049
1553847631.07,384.7561,761.3171,642.1463,49.5,55.5,24.5
1553847631.08,418.6585,848.3415,661.439,49.5975,55.0976,24.0
1553847631.09,389.0732,840.3415,610.1463,49.5,54.5976,24.0
1553847631.1,394.4634,829.7073,622.5366,46.1951,57.6951,25.6951
1553847631.11,397.9512,823.5122,641.9268,51.5976,54.0,24.0
1553847631.12,428.4634,805.122,624.8293,49.7073,54.2927,24.5976
1553847631.13,361.8537,880.9268,639.3415,47.4025,55.1951,24.5976
1553847631.14,404.6585,827.9024,603.1463,48.292699999999996,56.0,24.1951
1553847631.15,393.0732,834.2439,620.5366,49.29259999999999,55.0976,25.3049
1553847631.16,385.3659,849.4146,657.6341,49.0976,56.6951,24.6951
1553847631.17,405.9512,837.4146,592.3415,46.9025,56.1951,24.0
1553847631.18,382.3659,864.5366,639.6341,48.40239999999999,55.2927,23.5976
1553847631.19,391.3659,784.9268,660.1463,47.98779999999999,54.9024,24.9024
1553847631.2,377.0732,906.0976,645.439,47.59749999999999,56.2927,24.8049
1553847631.21,400.9512,862.7317,638.1463,50.0976,54.5,25.1951
1553847631.22,382.0732,878.8293,620.3415,51.39019999999999,55.0,25.5976
1553847631.23,395.0732,772.2439,629.0488,47.5976,56.4024,25.6951
1553847631.24,395.2683,909.6098,612.3415,48.1951,54.5976,24.3049
1553847631.25,394.6585,862.0,655.9268,47.98779999999999,55.9024,24.5976
1553847631.26,408.561,875.8049,645.439,45.7073,55.2927,24.8049
1553847631.27,407.1707,827.122,622.9512,46.98779999999999,56.4024,23.5
1553847631.28,368.0732,820.6341,665.1463,49.6951,54.5,25.0
1553847631.29,404.2683,885.9024,637.6341,46.0976,55.6951,24.3049
1553847631.3,428.2683,894.9268,696.8293,45.0,56.0,24.5
1553847631.31,400.0732,899.9024,610.5366,47.292699999999996,55.4024,25.8049
1553847631.32,403.561,924.1951,652.6341,48.9025,54.6951,24.1951
1553847631.33,392.4634,810.7317,615.439,46.792699999999996,55.0,24.4024
1553847631.34,390.2683,800.5366,624.7317,45.90239999999999,55.7927,24.0976
1553847631.35,388.6585,818.439,599.8537,50.99999999999999,53.2927,24.5
1553847631.36,397.7561,878.0976,630.7317,46.707300000000004,54.1951,24.0976
1553847631.37,408.2683,920.7317,609.7317,46.0,55.1951,25.0
1553847631.38,384.3659,888.1951,620.6341,46.804899999999996,55.2927,24.1951
1553847631.39,409.7561,859.7073,632.0488,49.6952,54.9024,23.8049
1553847631.4,411.1707,882.1951,624.6341,48.5976,54.0,24.4024
1553847631.41,397.2683,866.3415,622.1463,49.5,53.5976,24.5
1553847631.42,379.561,915.0244,679.0244,46.5976,55.6951,24.0
1553847631.43,403.9512,1010.4878,635.9512,49.5976,53.6951,24.3049
1553847631.44,416.0488,968.1951,673.439,45.5,56.1951,25.0
1553847631.45,423.4634,970.8293,660.8293,47.1951,56.5976,25.8049
1553847631.46,418.6585,961.0244,660.1463,47.89019999999999,55.0,24.8049
1553847631.47,382.9756,1001.122,647.0488,45.2073,55.7927,24.5
1553847631.48,394.9512,951.2195,631.9512,47.292699999999996,54.9024,25.5
1553847631.49,415.8537,1030.878,682.3415,48.0976,56.4024,25.5
1553847631.5,417.7561,993.0244,655.9268,46.0,57.1951,26.0
1553847631.51,400.0732,898.6341,675.7317,45.292699999999996,56.5,24.4024
1553847631.52,393.6585,957.4146,658.3415,45.8048,55.5976,25.5
1553847631.53,398.4634,933.5122,616.0488,47.207300000000004,54.6951,24.1951
1553847631.54,400.0732,926.0,639.9512,47.1951,54.0,24.5
1553847631.55,436.9512,897.6098,673.6341,51.890299999999996,53.9024,24.1951
1553847631.56,429.4634,932.6341,683.8293,50.98779999999999,54.9024,25.3049
1553847631.57,404.1707,906.7317,692.2439,50.9025,55.1951,25.5976
1553847631.58,411.2683,919.5122,650.1463,47.0976,55.6951,27.0
1553847631.59,419.2683,850.6341,672.2439,47.7073,55.7927,25.1951
1553847631.6,397.3659,968.0,684.7317,48.0975,57.0976,26.1951
1553847631.61,390.9512,971.5122,684.1463,48.5,57.1951,25.6951
1553847631.62,388.0732,998.6829,685.0244,49.5,56.0,25.3049
1553847631.63,412.7561,885.122,614.1463,50.0976,54.4024,25.5976
1553847631.64,414.1707,901.0244,678.8293,47.2073,55.7927,27.0
1553847631.65,423.8537,887.122,680.2439,49.2073,55.2927,25.8049
1553847631.66,419.0488,890.439,663.7317,49.304899999999996,55.2927,25.6951
1553847631.67,406.2683,914.9268,686.8293,50.0975,54.5976,24.9024
1553847631.68,389.0732,830.2439,608.0488,46.98779999999999,56.9024,25.9024
1553847631.69,394.0732,820.5366,677.1463,48.09749999999999,54.7927,25.1951
1553847631.7,395.0732,819.2195,630.9512,48.40239999999999,53.2927,25.6951
1553847631.71,430.4634,849.3171,614.7317,51.5,53.6951,25.9024
1553847631.72,422.3659,866.7317,665.8293,47.3049,55.6951,25.5
1553847631.73,433.8537,970.4878,637.2439,51.390299999999996,54.9024,26.3049
1553847631.74,411.1707,939.8049,665.8293,48.4025,56.6951,25.9024
1553847631.75,399.3659,901.122,663.8293,49.6951,56.0,25.1951
1553847631.76,423.7561,969.122,698.6341,46.0,60.5976,25.0
1553847631.77,422.0488,990.3902,698.8293,48.792699999999996,56.0,26.0976
1553847631.78,425.3659,984.4878,666.1463,48.792699999999996,55.9024,25.8049
1553847631.79,382.4634,1010.4878,679.0244,49.0975,55.0976,25.0
1553847631.8,403.7561,955.4146,648.2439,47.5,56.5976,26.5
1553847631.81,397.4634,977.6098,690.8293,46.1951,56.5976,25.4024
1553847631.82,418.0488,885.122,631.9512,50.0,55.0,24.9024
1553847631.83,416.2683,918.3902,676.3415,47.5,55.5976,25.9024
1553847631.84,385.9512,867.7073,618.3415,45.4024,56.0,25.8049
1553847631.85,390.3659,852.7317,659.2439,47.0975,55.0976,25.0
1553847631.86,413.7561,781.3171,610.9512,47.292699999999996,54.9024,25.8049
1553847631.87,404.7561,784.0488,666.1463,49.4025,54.6951,26.8049
1553847631.88,398.2683,821.7073,605.439,48.304899999999996,54.7927,25.0976
1553847631.89,396.1707,862.7317,688.439,46.2073,53.7927,25.0
1553847631.9,414.7561,902.6341,611.7317,48.6951,55.5976,25.5976
1553847631.91,406.2683,870.6341,670.2439,51.0,56.0976,27.4024
1553847631.92,404.561,890.6341,629.2439,50.5976,55.6951,25.5
1553847631.93,412.3659,904.8293,661.9268,48.792699999999996,54.0,26.3049
1553847631.94,413.561,807.9024,633.0488,49.1951,55.0,26.0976
1553847631.95,400.2683,795.0244,648.3415,53.0976,55.5,26.5
1553847631.96,425.7561,848.7317,596.1463,49.7073,53.2927,25.5976
1553847631.97,400.9512,942.0976,667.7317,45.0,61.0,26.3049
1553847631.98,388.2683,857.2195,630.7317,47.5976,56.0,26.0976
1553847631.99,398.1707,899.5122,664.0488,47.890299999999996,56.4024,25.6951
1553847632.0,406.8537,895.3171,626.3415,51.09749999999999,55.2927,26.1951
1553847632.01,385.6585,785.9024,650.9268,52.2073,54.7927,26.6951
1553847632.02,411.8537,871.7073,646.439,47.09749999999999,55.7927,25.5976
1553847632.03,413.4634,900.0,628.3415,51.9025,54.6951,26.1951
1553847632.04,387.7561,909.5122,667.3415,52.39019999999999,55.0,25.5
1553847632.05,384.9512,842.0,611.9512,49.5976,55.9024,26.0976
1553847632.06,384.0732,793.6098,629.2439,50.390299999999996,55.9024,26.9024
1553847632.07,406.9512,876.5366,637.1463,48.79259999999999,55.5976,26.0976
1553847632.08,393.6585,850.1951,649.3415,50.390299999999996,55.9024,28.0
1553847632.09,395.3659,814.2439,680.2439,47.792699999999996,56.0,25.9024
1553847632.1,406.9512,810.439,641.9268,50.98779999999999,56.4024,25.6951
1553847632.11,376.2683,852.5366,648.6341,47.792699999999996,55.4024,26.0
1553847632.12,412.7561,868.7317,631.6341,49.0,55.5,25.0
1553847632.13,406.561,788.439,655.2439,50.6951,54.5,25.6951
1553847632.14,393.6585,870.0,721.9268,50.890299999999996,54.9024,27.0
1553847632.15,376.0732,849.122,602.1463,50.6951,56.1951,25.4024
1553847632.16,385.0732,776.8293,642.9268,49.304899999999996,54.7927,26.9024
1553847632.17,382.1707,922.4878,646.1463,49.89019999999999,55.5,26.0
1553847632.18,384.3659,868.9268,647.0488,49.390299999999996,55.4024,25.5976
1553847632.19,394.0732,824.0976,626.8293,47.4024,56.0976,25.3049
1553847632.2,365.9756,839.6098,619.6341,46.792699999999996,56.0,27.0
1553847632.21,386.6585,801.2195,665.8293,50.3049,55.1951,25.1951
1553847632.22,383.561,819.8049,622.6341,49.292699999999996,55.4024,24.9024
1553847632.23,372.561,855.7073,594.2439,47.5,57.1951,26.1951
1553847632.24,381.6585,794.3415,639.439,50.304899999999996,55.2927,25.5
1553847632.25,379.8537,833.122,646.7317,49.792699999999996,55.0,25.6951
1553847632.26,405.1707,741.0244,627.1463,47.8049,56.1951,25.3049
1553847632.27,363.9756,897.2195,605.9512,47.292699999999996,56.0,25.3049
1553847632.28,376.561,813.6098,652.1463,48.90239999999999,54.7927,25.6951
1553847632.29,368.3659,922.7317,679.3415,51.0976,54.4024,26.4024
1553847632.3,383.7561,855.122,593.1463,48.804899999999996,57.2927,26.0
1553847632.31,353.6585,898.8293,622.9512,49.792699999999996,55.4024,25.0976
1553847632.32,381.9756,803.2195,613.7317,51.5,54.5,25.4024
1553847632.33,394.9512,853.2195,633.9512,47.292699999999996,58.0,26.9024
1553847632.34,372.2683,745.0244,589.1463,48.8049,55.6951,24.9024
1553847632.35,370.8537,803.8049,649.3415,50.5976,53.9024,26.8049
1553847632.36,385.8537,799.6098,623.3415,49.292699999999996,55.4024,25.9024
1553847632.37,361.7561,805.2195,666.5366,49.5976,56.0,26.9024
1553847632.38,366.3659,864.6341,599.2439,48.8049,55.6951,25.1951
1553847632.39,383.0732,761.122,624.9512,49.5,56.0976,26.5976
1553847632.4,390.561,828.9268,666.439,49.390299999999996,56.4024,26.4024
1553847632.41,377.6585,904.9268,617.439,48.99999999999999,55.7927,27.6951
1553847632.42,386.4634,747.8049,608.6341,48.804899999999996,55.2927,25.1951
1553847632.43,379.3659,830.2439,596.5366,48.0,56.1951,27.0976
1553847632.44,372.4634,875.122,609.7317,50.6951,54.0,25.5976
1553847632.45,347.3659,747.9512,632.2439,49.59749999999999,55.2927,26.0
1553847632.46,365.9756,832.0976,634.7317,49.48779999999999,55.4024,26.0
1553847632.47,358.2683,857.5122,640.7317,52.1951,53.5976,25.0976
1553847632.48,385.0732,745.9512,619.6341,48.89019999999999,55.0,26.0
1553847632.49,367.1707,829.9024,611.7317,49.5976,55.6951,26.0976
1553847632.5,354.87800000000004,812.6341,630.7317,49.0975,55.5976,25.3049
1553847632.51,385.1707,861.122,616.2439,49.6951,55.1951,24.8049
1553847632.52,383.6585,741.122,646.5366,49.0976,56.4024,26.5
1553847632.53,380.3659,757.9512,622.8293,48.0975,55.5976,25.8049
1553847632.54,365.9756,835.9024,619.3415,49.4024,55.5976,26.1951
1553847632.55,364.6585,814.5366,606.439,51.6951,54.1951,25.8049
1553847632.56,388.1707,759.7073,547.8537,51.2073,56.2927,25.6951
1553847632.57,373.7561,764.3415,570.5366,49.48779999999999,54.4024,25.0
1553847632.58,388.3659,815.0244,599.7317,49.890299999999996,55.4024,26.8049
1553847632.59,388.8537,832.5366,573.7561,52.5976,54.9024,25.9024
1553847632.6,349.9756,758.7317,597.7317,50.1951,55.5,25.5976
1553847632.61,361.561,876.2927,612.2439,53.0,54.5976,27.0
1553847632.62,360.3659,777.2195,615.3415,48.9024,55.0976,27.8049
1553847632.63,358.4634,742.439,597.2439,47.5976,56.0,26.5
1553847632.64,370.3659,741.2195,601.1463,51.0976,54.1951,26.5976
1553847632.65,369.561,802.3415,599.3415,49.79259999999999,56.0976,26.8049
1553847632.66,375.8537,798.8293,604.9512,48.292699999999996,55.9024,28.3049
1553847632.67,379.4634,807.5122,607.0488,47.0,56.5976,27.0
1553847632.68,355.4634,800.7317,606.3415,51.7073,53.7927,28.0
1553847632.69,367.0732,791.8049,574.3415,48.1951,56.5976,26.6951
1553847632.7,376.4634,783.9024,593.7317,51.1951,55.1951,26.6951
1553847632.71,375.6585,793.4146,578.5366,49.98779999999999,54.4024,26.9024
1553847632.72,358.6585,812.3415,571.8537,48.5,55.5976,27.1951
1553847632.73,374.6585,800.9268,579.3415,48.39019999999999,55.5,26.4024
1553847632.74,334.4634,799.6098,585.1463,48.89019999999999,54.5,27.0
1553847632.75,326.0732,818.8293,581.439,49.89019999999999,55.5,27.1951
1553847632.76,361.561,736.439,592.3415,48.3049,55.6951,28.0976
1553847632.77,353.561,758.6341,577.1463,46.99999999999999,55.7927,26.0976
1553847632.78,350.561,826.9268,587.0488,52.39019999999999,53.5,27.0
1553847632.79,363.4634,751.9512,599.8537,49.98779999999999,54.9024,27.5
1553847632.8,360.0732,678.439,584.0488,50.89019999999999,54.0,28.0
1553847632.81,345.561,783.9024,593.8537,50.6951,56.0976,26.4024
1553847632.82,352.7561,687.9512,578.439,47.1951,57.0976,25.9024
1553847632.83,349.2683,698.5366,590.9512,48.804899999999996,56.7927,27.5
1553847632.84,352.6585,642.8293,574.9512,51.0976,54.9024,27.5
1553847632.85,354.87800000000004,793.4146,581.439,49.1952,55.9024,28.4024
1553847632.86,353.9756,687.3171,599.439,45.6951,56.0,26.9024
1553847632.87,348.1707,734.2439,579.0488,47.804899999999996,56.2927,26.5976
1553847632.88,360.4634,711.6098,593.2439,50.0976,54.0,26.9024
1553847632.89,367.8537,714.0488,582.2439,48.6951,57.0976,27.0976
1553847632.9,347.1707,742.7317,573.1463,48.48779999999999,54.4024,26.5
1553847632.91,358.561,698.6341,581.3415,48.90239999999999,55.7927,27.6951
1553847632.92,363.561,736.8293,584.1463,46.9025,54.6951,26.6951
1553847632.93,352.87800000000004,693.3171,602.3415,48.0976,57.4024,26.6951
1553847632.94,356.0732,740.9268,574.2439,51.6951,56.6951,51.0
1553847632.95,364.0732,652.7317,593.9512,49.79259999999999,57.0976,28.5
1553847632.96,352.2683,740.3415,581.0488,49.4025,56.1951,26.5
1553847632.97,351.9756,685.9512,591.1463,51.1951,55.5,28.4024
1553847632.98,364.3659,726.439,593.439,46.707300000000004,55.6951,26.8049
1553847632.99,354.1707,731.8537,572.9512,51.792699999999996,53.9024,27.0976
1553847633.0,352.9756,743.9512,590.8537,52.48779999999999,55.4024,26.6951
1553847633.01,367.0732,714.7317,576.2439,49.0,55.6951,26.5
1553847633.02,359.2683,775.9024,590.0488,51.5975,54.5976,27.0
1553847633.03,350.87800000000004,781.3171,578.2439,51.8049,56.1951,28.0
1553847633.04,358.561,719.9512,577.5366,48.4024,56.0976,26.6951
1553847633.05,358.0732,734.8293,589.1463,49.792699999999996,55.9024,26.5976
1553847633.06,356.7561,671.6585,580.1463,49.59749999999999,55.7927,26.4024
1553847633.07,357.9756,744.0488,582.1463,49.792699999999996,56.5,27.0976
1553847633.08,364.561,723.2195,585.2439,49.0976,56.1951,26.6951
1553847633.09,352.7561,729.3171,577.8537,51.6951,55.5,26.3049
1553847633.1,357.0732,796.1463,595.0488,47.48779999999999,57.9024,28.0
1553847633.11,360.8537,766.1463,577.7561,48.48779999999999,55.9024,27.0
1553847633.12,351.87800000000004,692.0488,604.5366,51.5976,55.5,26.5
1553847633.13,356.3659,716.9268,594.439,48.1952,55.4024,27.0976
1553847633.14,356.1707,676.2439,589.8537,49.99999999999999,54.7927,28.0
1553847633.15,349.3659,750.8293,575.8537,52.1951,55.1951,27.0976
1553847633.16,353.3659,674.439,599.2439,48.292699999999996,55.9024,28.1951
1553847633.17,358.1707,688.9268,590.1463,50.0,56.5976,26.5
1553847633.18,347.87800000000004,665.8537,596.6341,53.5,55.5976,26.6951
1553847633.19,347.561,679.9512,584.9512,49.49999999999999,56.7927,27.6951
1553847633.2,361.4634,695.2195,571.3415,45.0976,58.4024,28.9024
1553847633.21,351.4634,693.6098,597.0488,51.0976,55.9024,26.6951
1553847633.22,357.0732,762.439,574.5366,49.7073,56.7927,28.0976
1553847633.23,358.1707,737.122,587.3415,49.6951,55.0976,26.9024
1553847633.24,354.561,732.2439,606.439,49.4024,54.5976,27.5976
1553847633.25,352.3659,686.5366,574.439,48.79259999999999,55.5976,27.1951
1553847633.26,367.1707,747.6098,575.3415,45.2073,56.7927,27.3049
1553847633.27,351.7561,671.122,582.3415,50.0976,56.5,27.5976
1553847633.28,353.87800000000004,748.9268,582.6341,51.792699999999996,56.0,27.6951
1553847633.29,364.0732,787.6098,581.2439,49.5976,54.9024,27.8049
1553847633.3,353.7561,751.2195,584.6341,50.2073,56.7927,28.6951
1553847633.31,360.9756,807.7073,573.3415,48.292699999999996,56.5,27.3049
1553847633.32,361.4634,747.4146,583.439,47.8048,54.5976,26.5976
1553847633.33,355.561,836.8293,577.1463,51.390299999999996,54.4024,26.4024
1553847633.34,366.2683,736.439,576.0488,49.5975,56.0976,26.8049
1553847633.35,357.0732,815.3171,597.2439,47.5976,57.4024,47.1951
1553847633.36,359.7561,723.5122,578.439,46.6951,56.0,27.8049
1553847633.37,365.4634,805.3171,570.8537,48.89019999999999,56.5,26.9024
1553847633.38,353.2683,743.5122,589.3415,50.890299999999996,55.9024,27.8049
1553847633.39,354.7561,667.7561,592.8537,53.292699999999996,54.5,26.5976
1553847633.4,363.561,722.0488,571.439,49.792699999999996,55.9024,26.1951
1553847633.41,356.0732,672.0488,586.0488,52.792699999999996,55.9024,27.6951
1553847633.42,349.6585,726.6341,598.8537,49.5975,56.0976,27.8049
1553847633.43,368.0732,665.0244,570.5366,50.0976,55.5,28.3049
1553847633.44,351.9756,701.8537,596.5366,45.1097,56.2927,26.4024
1553847633.45,346.87800000000004,655.2195,594.439,51.292699999999996,57.4024,26.4024
1553847633.46,361.3659,729.9512,576.6341,46.5,57.0976,26.8049
1553847633.47,356.9756,688.1463,592.5366,50.79259999999999,56.5976,27.5976
1553847633.48,352.87800000000004,689.4146,592.9512,49.49999999999999,56.2927,27.5
1553847633.49,359.4634,664.3415,570.1463,45.6951,56.0976,27.3049
1553847633.5,345.561,695.3171,583.3415,49.5975,55.5976,27.5
1553847633.51,355.87800000000004,755.0244,585.7561,46.390299999999996,56.9024,28.4024
1553847633.52,360.9756,674.439,595.9512,47.79259999999999,57.0976,26.8049
1553847633.53,348.2683,736.439,561.6585,48.292699999999996,54.5,27.8049
1553847633.54,354.1707,721.3171,586.7561,51.8049,54.6951,26.8049
1553847633.55,359.4634,765.8049,586.9512,45.9024,55.5,26.6951
1553847633.56,348.9756,790.6341,568.1463,47.6952,56.9024,26.5
1553847633.57,357.7561,749.8049,585.5366,47.390299999999996,57.9024,27.9024
1553847633.58,363.6585,824.439,579.3415,49.5976,54.6951,26.4024
1553847633.59,344.7561,751.3171,594.3415,47.5,56.6951,28.0976
1553847633.6,358.3659,777.4146,585.5366,49.8049,55.6951,27.1951
1553847633.61,355.9756,754.5366,579.5366,50.39019999999999,56.5,26.3049
1553847633.62,351.561,818.7317,574.1463,51.292699999999996,54.0,27.0976
1553847633.63,358.1707,725.4146,592.0488,51.0,56.6951,26.8049
1553847633.64,349.87800000000004,807.9024,579.3415,54.4025,54.1951,27.5976
1553847633.65,352.0732,705.0244,587.9512,49.90239999999999,55.7927,26.4024
1553847633.66,361.561,691.7561,589.2439,49.6951,56.0,26.6951
1553847633.67,349.1707,708.7317,571.0488,51.0976,55.9024,27.1951
1553847633.68,360.7561,676.3415,578.5366,52.3049,54.6951,26.6951
1553847633.69,347.4634,741.0244,583.2439,50.5,56.6951,26.0976
1553847633.7,350.1707,708.0488,594.1463,50.792699999999996,56.9024,27.5
1553847633.71,354.0732,775.5122,573.9512,48.4025,56.1951,27.3049
1553847633.72,347.561,714.2439,578.5366,45.8049,57.1951,27.0976
1553847633.73,365.0732,721.122,583.9512,47.9025,57.6951,27.1951
1553847633.74,350.561,675.5122,576.8537,50.7073,55.2927,28.1951
1553847633.75,348.6585,726.9268,593.2439,48.4025,56.6951,26.4024
1553847633.76,362.0732,684.7317,566.2439,48.1951,56.5976,26.1951
1553847633.77,353.7561,733.3171,574.1463,47.0975,57.0976,26.4024
1553847633.78,351.561,735.7073,581.3415,49.5975,54.5976,27.1951
1553847633.79,363.3659,738.5366,584.439,50.4024,54.0976,26.9024
1553847633.8,351.0732,736.7317,571.8537,50.9025,56.6951,27.5976
1553847633.81,366.561,715.3171,572.439,49.9025,54.6951,27.0976
1553847633.82,355.6585,743.3171,598.8537,46.9024,52.5,24.1951
1553847633.83,349.1707,773.3171,577.2439,47.792699999999996,54.9024,24.6951
1553847633.84,360.8537,752.0488,568.6341,-13.5976,117.2927,24.0
1553847633.85,355.0732,816.9268,589.439,47.9024,55.0976,24.6951
1553847633.86,349.3659,750.2439,584.6341,49.6951,55.5976,25.5
1553847633.87,361.9756,728.9268,580.8537,45.0,57.5,24.9024
1553847633.88,356.561,757.8049,577.3415,47.49999999999999,55.7927,26.0976
1553847633.89,357.7561,713.7561,590.0488,48.0,53.5976,24.5976
1553847633.9,341.6585,778.8293,565.7561,49.1951,54.6951,25.0976
1553847633.91,357.3659,818.3415,594.1463,48.0,55.0,25.0
1553847633.92,352.87800000000004,783.9024,581.8537,47.99999999999999,54.2927,23.9024
1553847633.93,379.7561,783.9024,571.9512,47.09749999999999,55.7927,25.3049
1553847633.94,357.1707,770.6341,606.3415,47.5976,56.0,25.6951
1553847633.95,376.2683,792.2439,634.439,46.292699999999996,57.0,25.5
1553847633.96,385.8537,795.8049,627.7317,46.792699999999996,56.0,24.5976
1553847633.97,376.4634,803.5122,619.0488,48.6952,54.9024,25.0976
1553847633.98,381.3659,754.9268,636.1463,48.890299999999996,54.4024,24.3049
1553847633.99,377.1707,737.2195,608.2439,47.0,55.4024,23.9024
1553847634.0,321.6585,718.1463,603.3415,47.6952,54.9024,23.8049
1553847634.01,360.2683,762.8293,600.2439,48.1952,54.4024,25.1951
1553847634.02,342.9756,824.439,614.2439,46.292699999999996,55.5,24.5
1553847634.03,363.9756,826.0,624.8293,46.5,55.0976,25.6951
1553847634.04,385.1707,804.5366,652.6341,46.207300000000004,56.1951,24.0
1553847634.05,368.0732,779.9024,619.439,48.292699999999996,55.9024,24.6951
1553847634.06,388.0732,724.9268,594.9512,45.5976,56.0,24.8049
1553847634.07,370.561,832.439,585.7561,51.0,55.0,24.0976
1553847634.08,371.8537,786.7317,564.2439,48.9024,54.5976,24.0
1553847634.09,356.7561,804.0,585.5366,45.49999999999999,56.2927,25.4024
1553847634.1,361.1707,753.3171,568.9512,49.2073,55.2927,24.5
1553847634.11,399.0732,731.9512,585.0488,47.5976,55.6951,23.6951
1553847634.12,385.3659,815.9024,597.9512,45.5976,55.9024,24.5
1553847634.13,369.3659,794.8293,616.3415,47.90239999999999,55.2927,25.3049
1553847634.14,337.3659,749.4146,617.1463,47.5976,54.5,24.3049
1553847634.15,375.1707,739.122,607.8537,48.48779999999999,54.9024,25.1951
1553847634.16,398.3659,792.8293,624.9512,46.5,55.5976,24.0
1553847634.17,365.7561,810.0,589.1463,47.5975,55.0976,24.0976
1553847634.18,348.9756,711.8537,591.5366,47.5976,55.1951,24.3049
1553847634.19,358.8537,774.6341,581.6341,45.5,56.0976,25.0
1553847634.2,383.8537,820.5366,612.7317,-0.5974999999999966,105.3902,24.0976
1553847634.21,381.3659,729.8537,600.6341,48.59749999999999,54.7927,23.9024
1553847634.22,368.9756,822.3415,603.3415,47.40239999999999,55.7927,24.9024
1553847634.23,378.9756,839.0244,584.3415,44.8049,55.6951,25.1951
1553847634.24,383.1707,754.9268,585.9512,47.29259999999999,56.0976,23.9024
1553847634.25,372.6585,793.122,618.9512,48.0,54.5976,23.9024
1553847634.26,383.2683,771.6098,618.7317,64.5975,54.7927,24.1951
1553847634.27,376.561,698.8293,641.0488,47.3048,55.0976,24.0976
1553847634.28,381.8537,839.122,561.5366,47.5976,54.9024,25.3049
1553847634.29,376.1707,752.6341,642.7317,47.5976,56.4024,23.8049
1553847634.3,401.1707,796.9268,604.1463,44.4024,55.5976,26.4024
1553847634.31,375.9756,724.7317,589.8537,49.5976,56.0,25.1951
1553847634.32,391.6585,783.5122,556.8537,46.390299999999996,55.9024,25.8049
1553847634.33,384.9512,706.2439,613.5366,48.48779999999999,54.9024,23.9024
1553847634.34,359.561,781.7073,608.8537,48.304899999999996,55.2927,25.6951
1553847634.35,392.561,744.439,564.8537,44.0976,55.9024,24.1951
1553847634.36,376.9756,817.122,581.3415,49.9024,55.0976,23.8049
1553847634.37,394.561,746.3415,616.3415,48.89019999999999,54.5,24.4024
1553847634.38,363.0732,827.6098,632.8293,47.39019999999999,55.5,24.0
1553847634.39,386.2683,778.0488,580.439,48.5,55.0976,24.3049
1553847634.4,376.6585,786.7317,619.6341,46.8049,56.1951,25.4024
1553847634.41,392.2683,786.7317,619.6341,46.0,56.0,23.9024
1553847634.42,379.0732,718.8293,573.8537,47.09749999999999,55.7927,23.5976
1553847634.43,360.4634,822.0,605.9512,48.5,54.5,24.6951
1553847634.44,400.6585,815.7073,611.6341,45.792699999999996,55.9024,24.5976
1553847634.45,389.0732,709.3171,582.5366,47.0976,55.6951,24.5976
1553847634.46,382.4634,794.5366,612.3415,49.99999999999999,54.2927,25.0
1553847634.47,383.1707,809.3171,551.7561,46.890299999999996,55.4024,25.3049
1553847634.48,380.4634,758.7317,555.9512,46.5,55.1951,25.4024
1553847634.49,406.9512,782.3415,629.5366,48.5,54.6951,23.8049
1553847634.5,374.3659,796.3415,568.6341,46.5976,55.9024,24.4024
1553847634.51,412.7561,741.3171,612.3415,45.90239999999999,55.7927,24.0976
1553847634.52,375.1707,802.0,590.1463,45.792699999999996,54.4024,24.6951
1553847634.53,404.2683,805.8049,556.9512,47.4025,55.1951,24.4024
1553847634.54,381.2683,744.439,614.2439,47.804899999999996,54.2927,23.6951
1553847634.55,395.8537,796.6341,583.8537,47.890299999999996,54.9024,25.1951
1553847634.56,414.9512,790.5366,627.3415,44.6951,56.5,24.3049
1553847634.57,366.6585,811.8049,570.3415,47.6951,56.0976,23.9024
1553847634.58,386.4634,737.5122,606.7317,47.90239999999999,54.7927,24.9024
1553847634.59,411.9512,791.0244,601.6341,45.890299999999996,56.4024,25.8049
1553847634.6,380.8537,830.0976,605.1463,45.5975,56.5976,24.3049
1553847634.61,392.561,789.0244,600.7317,47.3049,55.6951,25.9024
1553847634.62,410.1707,793.2195,589.439,45.6952,55.9024,24.5976
1553847634.63,386.7561,764.439,625.9512,48.09749999999999,55.2927,25.0976
1553847634.64,393.3659,727.0244,589.8537,49.4024,55.0976,23.8049
1553847634.65,411.0488,758.8293,636.1463,48.8049,55.1951,26.0
1553847634.66,388.2683,845.6098,579.6341,47.4024,54.0,24.0
1553847634.67,395.4634,815.2195,631.5366,46.390299999999996,54.9024,24.0
1553847634.68,405.7561,790.1463,582.2439,49.0975,55.0976,24.0
1553847634.69,377.0732,789.6098,636.1463,45.1951,55.5,23.6951
1553847634.7,402.1707,840.0976,615.2439,48.3049,54.6951,24.6951
1553847634.71,410.4634,797.9024,642.7317,45.5,56.5,25.5
1553847634.72,371.561,755.3171,621.0488,47.09749999999999,55.7927,24.9024
1553847634.73,371.1707,714.1463,643.9268,47.5,55.0976,24.0976
1553847634.74,418.9512,733.3171,595.2439,48.9025,55.6951,24.3049
1553847634.75,407.2683,748.3415,586.5366,48.9025,55.1951,25.3049
1553847634.76,407.1707,752.3415,609.7317,46.40239999999999,54.2927,25.3049
1553847634.77,392.1707,778.3415,558.1463,45.792699999999996,54.9024,25.9024
1553847634.78,399.9512,831.9024,607.6341,44.5976,55.4024,23.9024
1553847634.79,412.1707,786.0488,583.2439,46.0976,55.5,25.1951
1553847634.8,405.8537,802.2439,602.7317,48.0975,55.5976,25.8049
1553847634.81,426.1707,810.2439,572.1463,47.707300000000004,54.6951,23.9024
1553847634.82,384.8537,776.3415,547.0488,47.792699999999996,54.5,25.3049
1553847634.83,385.1707,769.2195,579.3415,47.6951,55.1951,25.8049
1553847634.84,405.9512,687.9512,553.7561,45.890299999999996,54.4024,23.8049
1553847634.85,402.2683,701.9512,595.2439,47.6952,53.9024,24.9024
1553847634.86,426.0488,721.4146,608.8537,50.5976,55.0,25.8049
1553847634.87,406.0732,784.1463,617.5366,49.292699999999996,54.5,24.0976
1553847634.88,392.1707,817.3171,600.5366,49.5976,55.4024,25.5976
1553847634.89,380.3659,856.0,591.0488,43.0976,58.1951,24.9024
1553847634.9,388.2683,835.122,662.8293,45.5975,56.5976,24.5976
1553847634.91,401.3659,760.0488,603.1463,52.1951,54.0,25.0976
1553847634.92,380.561,769.7073,558.6585,50.390299999999996,55.4024,26.5
1553847634.93,415.2683,812.439,598.3415,49.89019999999999,56.0,25.9024
1553847634.94,413.9512,817.4146,601.7317,49.5976,55.9024,25.1951
1553847634.95,418.4634,830.0,618.5366,47.6951,55.6951,25.6951
1553847634.96,375.9756,709.8537,599.8537,49.4025,54.6951,25.5976
1553847634.97,374.0732,680.9268,565.3415,49.5976,54.1951,25.5976
1553847634.98,379.3659,700.7317,610.7317,50.390299999999996,53.9024,26.1951
1553847634.99,420.6585,754.1463,615.3415,52.390299999999996,54.9024,25.9024
1553847635.0,422.6585,818.3415,629.2439,47.90239999999999,55.7927,25.6951
1553847635.01,389.9512,845.4146,604.0488,48.792699999999996,55.0,26.3049
1553847635.02,399.561,833.7073,587.1463,48.0976,55.9024,26.3049
1553847635.03,387.7561,835.2195,627.5366,48.1952,55.9024,25.0976
1553847635.04,389.7561,746.8293,610.6341,53.0,54.1951,25.5
1553847635.05,374.8537,765.6098,592.2439,50.99999999999999,54.7927,26.5
1553847635.06,415.8537,752.7317,597.1463,50.292699999999996,55.4024,26.0976
1553847635.07,406.7561,725.122,569.2439,49.1951,55.6951,24.9024
1553847635.08,411.6585,714.1463,637.7317,52.29259999999999,55.0976,26.0976
1553847635.09,389.2683,776.7317,574.7561,50.792699999999996,55.5,26.9024
1553847635.1,388.2683,746.0488,642.7317,51.5976,55.4024,26.4024
1553847635.11,422.6585,781.5122,572.439,52.792699999999996,54.0,26.1951
1553847635.12,402.8537,773.6098,601.8537,52.39019999999999,55.0,25.0976
1553847635.13,391.561,733.9512,607.2439,48.7073,56.7927,26.8049
1553847635.14,386.4634,756.3415,565.7561,47.59749999999999,55.2927,25.1951
1553847635.15,390.4634,721.4146,599.2439,51.9024,54.5976,26.5
1553847635.16,384.7561,765.6098,580.7561,48.5,55.0976,25.3049
1553847635.17,406.0732,806.2439,620.7317,49.4024,54.0976,25.1951
1553847635.18,386.1707,831.2195,591.8537,50.40239999999999,53.7927,24.8049
1553847635.19,380.561,823.4146,608.439,50.6951,55.1951,25.5
1553847635.2,387.3659,755.5122,570.439,49.8049,54.6951,25.8049
1553847635.21,394.8537,748.8293,646.0488,51.3049,54.1951,26.6951
1553847635.22,374.561,690.8293,610.3415,50.0975,56.0976,25.5
1553847635.23,378.6585,722.0488,632.7317,52.40239999999999,55.2927,25.4024
1553847635.24,385.0732,762.7317,622.6341,50.6951,55.6951,25.5976
1553847635.25,399.561,870.0,615.2439,48.0,55.6951,26.0976
1553847635.26,354.7561,861.4146,595.0488,48.40239999999999,56.2927,25.3049
1553847635.27,406.8537,787.2195,618.5366,52.304899999999996,54.2927,26.0976
1553847635.28,401.1707,783.122,597.2439,48.90239999999999,56.7927,25.3049
1553847635.29,387.9512,837.4146,613.0488,49.6952,55.4024,26.9024
1553847635.3,381.8537,758.7317,607.9512,51.0976,55.0,26.6951
1553847635.31,381.4634,740.9268,629.439,49.89019999999999,55.0,24.9024
1553847635.32,390.4634,788.8293,591.8537,48.3049,55.6951,25.5976
1553847635.33,386.6585,815.7073,641.1463,51.3049,54.6951,26.5
1553847635.34,397.4634,795.2195,616.3415,50.292699999999996,55.4024,25.9024
1553847635.35,383.2683,817.7073,655.5366,49.6951,55.5976,25.9024
1553847635.36,383.561,819.122,592.9512,49.5976,55.1951,25.3049
1553847635.37,400.3659,731.122,627.5366,48.6951,55.0976,25.6951
1553847635.38,366.7561,754.2439,566.8537,52.0976,54.0,26.8049
1553847635.39,378.6585,830.2439,615.7317,49.6951,56.5,25.0976
1553847635.4,401.8537,812.3415,583.7561,47.6951,56.5,25.0976
1553847635.41,379.2683,798.7317,615.7317,48.40239999999999,56.2927,26.3049
1553847635.42,395.4634,739.9512,607.8537,49.792699999999996,55.9024,27.0976
1553847635.43,383.1707,871.7073,610.3415,48.6952,56.4024,25.9024
1553847635.44,381.1707,806.1463,622.8293,49.2073,55.7927,24.9024
1553847635.45,385.6585,801.0244,572.7561,51.0976,55.5,25.3049
1553847635.46,369.9756,792.6341,615.8293,47.792699999999996,56.0,26.4024
1553847635.47,396.561,819.5122,567.0488,49.4025,56.1951,25.0976
1553847635.48,386.4634,832.5366,547.6585,52.4024,54.0976,26.0
1553847635.49,379.9756,737.9512,651.1463,50.1952,54.9024,24.9024
1553847635.5,371.561,825.6098,595.8537,49.9024,56.0976,26.0
1553847635.51,380.6585,790.439,613.8537,49.4025,55.6951,26.0
1553847635.52,392.4634,761.4146,579.1463,49.6951,56.1951,27.3049
1553847635.53,374.7561,780.3415,610.1463,48.804899999999996,55.7927,26.5
1553847635.54,381.8537,775.9024,619.9512,50.2073,54.7927,25.1951
1553847635.55,383.2683,804.1463,582.439,46.0,56.0,24.8049
1553847635.56,384.0732,832.439,590.0488,52.2073,55.7927,26.3049
1553847635.57,385.561,735.0244,609.439,49.48779999999999,54.9024,25.1951
1553847635.58,383.2683,786.439,589.8537,48.304899999999996,55.7927,25.5
1553847635.59,359.7561,790.0488,596.8537,50.6952,55.9024,26.4024
1553847635.6,377.6585,870.8293,616.0488,49.5976,55.4024,25.0976
1553847635.61,410.561,796.3415,597.7317,49.304899999999996,55.7927,26.6951
1553847635.62,359.7561,801.4146,611.439,49.4024,55.5976,26.5976
1553847635.63,379.6585,814.1463,614.9512,51.0,55.5,24.9024
1553847635.64,360.7561,793.122,586.6341,51.9025,54.6951,25.0
1553847635.65,372.561,804.5366,597.3415,50.39019999999999,55.5,26.8049
1553847635.66,391.7561,796.2439,623.3415,51.0,56.0,25.9024
1553847635.67,363.9756,814.5366,601.8537,47.5976,55.5,27.3049
1553847635.68,378.8537,800.5366,596.5366,49.5,55.0976,26.3049
1553847635.69,381.4634,812.1463,566.6341,52.40239999999999,54.2927,26.3049
1553847635.7,366.7561,827.4146,607.439,50.1951,55.0976,25.1951
1553847635.71,397.2683,744.439,615.3415,51.9025,56.6951,27.0
1553847635.72,367.561,809.3171,659.5366,50.0976,55.6951,25.8049
1553847635.73,367.1707,795.0244,583.3415,48.792699999999996,56.0,27.0
1553847635.74,394.4634,829.122,595.0488,48.89019999999999,56.0,25.8049
1553847635.75,347.561,808.6341,600.9512,49.792699999999996,55.4024,27.1951
1553847635.76,351.2683,749.7073,597.5366,51.0976,55.5,25.5976
1553847635.77,355.87800000000004,802.8293,606.439,50.6951,56.1951,26.6951
1553847635.78,367.561,813.122,587.8537,49.0,56.6951,26.4024
1553847635.79,362.3659,763.5122,594.1463,47.40239999999999,56.7927,27.1951
1553847635.8,343.6585,809.122,644.3415,50.5,56.5976,25.0976
1553847635.81,374.7561,776.5366,621.2439,50.0976,56.9024,26.6951
1553847635.82,360.1707,780.1463,609.2439,48.49999999999999,56.7927,26.3049
1553847635.83,363.9756,764.8293,608.9512,48.5,57.6951,25.5
1553847635.84,361.4634,814.1463,583.6341,51.8049,55.1951,26.5
1553847635.85,355.7561,815.122,597.3415,49.98779999999999,56.4024,25.6951
1553847635.86,378.6585,741.122,616.6341,49.6951,59.0976,26.4024
1553847635.87,375.561,795.0244,614.8293,49.9024,57.5976,25.1951
1553847635.88,376.7561,796.3415,617.3415,48.792699999999996,59.0,26.6951
1553847635.89,343.3659,832.6341,611.439,48.0976,59.5,25.3049
1553847635.9,346.0732,741.2195,603.1463,51.0,58.1951,26.0
1553847635.91,376.6585,755.2195,566.439,49.792699999999996,57.4024,25.1951
1553847635.92,362.0732,815.0244,574.439,49.48779999999999,58.9024,26.8049
1553847635.93,361.1707,794.1463,590.3415,49.9025,58.1951,26.3049
1553847635.94,338.1707,777.122,586.6341,50.0,57.1951,27.4024
1553847635.95,348.1707,811.4146,610.439,47.3049,59.6951,26.9024
1553847635.96,337.2683,740.0488,618.7317,50.6951,58.0,26.5976
1553847635.97,351.7561,742.6341,599.0488,50.1951,58.1951,26.3049
1553847635.98,359.6585,757.3171,610.2439,51.59749999999999,56.7927,28.0976
1553847635.99,367.8537,813.122,614.1463,49.5,58.1951,27.1951
1553847636.0,373.1707,800.439,621.8293,49.5975,59.0976,26.1951
1553847636.01,356.561,796.0,601.5366,49.804899999999996,58.2927,26.6951
1553847636.02,381.4634,805.6098,595.9512,49.48779999999999,58.4024,27.5976
1553847636.03,391.561,829.0244,595.439,49.4025,59.1951,26.3049
1553847636.04,39.3902,38.0976,37.0976,49.5,58.5976,26.9024
1553847636.05,37.1951,38.4878,37.2927,51.1952,57.9024,26.0976
1553847636.06,37.7073,37.7073,37.7073,47.1951,54.0976,17.0976
1553847636.07,37.3902,36.7805,37.5854,47.5,53.9024,17.8049
1553847636.08,36.8049,36.6829,37.5854,47.804899999999996,52.7927,16.9024
1553847636.09,37.4878,37.5122,37.1951,47.5975,54.0976,16.4024
1553847636.1,37.8049,39.4146,37.1951,45.9024,54.0,17.5976
1553847636.11,37.7073,36.878,37.2927,46.90239999999999,53.7927,18.0976
1553847636.12,38.3902,37.2195,37.9024,47.1951,53.0976,18.0976
1553847636.13,37.5854,37.5122,37.4878,48.0,53.1951,17.0
1553847636.14,37.4878,36.9756,37.1951,48.390299999999996,53.4024,17.8049
1553847636.15,38.0976,37.2195,37.1951,47.292699999999996,53.9024,16.9024
1553847636.16,39.0,37.4146,37.0976,47.6097,53.2927,17.5976
1553847636.17,37.8049,37.5122,37.2927,47.5,53.0976,17.3049
1553847636.18,38.0,38.0,37.0976,48.804899999999996,52.2927,16.0976
1553847636.19,37.4878,37.2195,37.8049,48.804899999999996,52.2927,16.3049
1553847636.2,37.5854,36.9756,36.9024,47.0975,52.5976,16.5976
1553847636.21,38.4878,36.878,37.9024,47.1952,53.4024,17.3049
1553847636.22,36.7073,37.4146,36.3902,47.1951,53.0976,16.8049
1553847636.23,37.4878,36.9756,37.2927,46.99999999999999,51.7927,17.4024
1553847636.24,37.4878,37.6098,37.4878,46.99999999999999,53.7927,17.4024
1553847636.25,37.0,37.0732,37.3902,47.5976,53.6951,17.4024
1553847636.26,37.9024,38.878,36.9024,47.792699999999996,52.9024,17.4024
1553847636.27,37.4878,37.8049,37.2927,46.5975,54.5976,16.1951
1553847636.28,37.5854,37.2195,37.2927,48.4024,52.5,17.4024
1553847636.29,37.7073,36.3902,37.3902,48.0976,54.0,18.1951
1553847636.3,37.3902,37.2195,37.1951,47.0976,53.9024,18.0976
1553847636.31,38.5854,38.0976,37.1951,48.3048,52.5976,16.8049
1553847636.32,38.1951,36.9756,37.3902,48.8049,52.6951,16.0
1553847636.33,37.5854,37.4146,37.1951,48.49999999999999,52.2927,16.4024
1553847636.34,37.4878,37.8049,37.4878,47.8049,52.6951,16.4024
1553847636.35,37.9024,36.9756,37.5854,47.4024,53.5976,17.4024
1553847636.36,38.0976,36.9756,37.2927,46.304899999999996,53.7927,16.8049
1553847636.37,37.3902,37.2195,37.1951,46.5976,54.1951,18.0976
1553847636.38,38.1951,37.0732,37.2927,48.6951,52.5976,17.1951
1553847636.39,37.3902,37.4146,37.5854,48.7073,52.2927,16.8049
1553847636.4,37.9024,36.878,37.3902,47.804899999999996,52.7927,16.5
1553847636.41,37.7073,37.2195,37.0,48.5,52.0976,16.8049
1553847636.42,36.7073,39.0732,36.4878,49.0,52.5,16.6951
1553847636.43,37.7073,37.4146,37.2927,47.0975,53.5976,16.5976
