timestamp,1D,2D,3D,4D,5D,6D,1d,2d,3d,4d,5d,6d,1f,2f,3f,4f,5f,6f,1,2,3,4,5,6,gx,gy,gz,ax,ay,az
1555136156.25,5.402500000000032,19.268299999999954,6.585299999999961,0.5853999999999928,0.4024000000000001,0.19510000000000005,5.402500000000032,19.268299999999954,6.585299999999961,0.5853999999999928,0.4024000000000001,0.19510000000000005,344.7927,741.8537,619.439,49.98779999999999,53.4024,25.1951,344.7927,741.8537,619.439,49.98779999999999,53.4024,25.1951,-91.0,555.0,29.0,-6276.0,1544.0,16204.0
1555136156.26,5.5976,22.487899999999968,1.0974999999999682,0.4024000000000001,0.1950999999999965,0.5,5.5976,22.487899999999968,1.0974999999999682,0.4024000000000001,0.1950999999999965,0.5,339.3902,761.122,612.8537,49.4024,53.0,25.0,339.3902,761.122,612.8537,49.4024,53.0,25.0,14.0,703.0,-59.0,-4208.0,-560.0,15636.0
1555136156.27,0.9024000000000001,4.878100000000018,7.780500000000075,0.5975999999999999,0.2926999999999964,0.9024000000000001,3.3989571428571708,20.118514285714127,1.7491428571429424,1.24041428571428,0.1742285714285714,0.5156714285714301,344.9878,738.6341,613.9512,49.0,53.1951,25.5,344.9878,738.6341,613.9512,49.0,53.1951,25.5,-141.0,127.0,60.0,-5784.0,576.0,16356.0
1555136156.28,6.097499999999968,29.41459999999995,3.0,3.5974999999999966,0.3048000000000002,0.3048000000000002,0.30140000000000106,7.944257142856941,0.5435571428570256,0.11672857142857394,0.04181428571428114,0.0278714285714301,341.5888428571428,758.7526142857141,615.7003428571429,50.24041428571428,53.36932857142857,24.98432857142857,345.8902,743.5122,621.7317,49.5976,52.9024,24.5976,-194.0,-154.0,243.0,-6272.0,1236.0,15116.0
1555136156.29,1.707300000000032,4.878100000000018,11.487799999999993,3.292599999999993,1.5974999999999966,0.6951999999999998,0.2996571428571997,10.655042857142805,0.8432142857142253,0.15679999999999694,0.08537142857142754,0.2003428571428572,341.2874428571428,750.8083571428572,616.2438999999998,50.35714285714285,53.41114285714285,24.95645714285714,339.7927,772.9268,618.7317,53.1951,52.5976,24.9024,-117.0,-154.0,100.0,-4500.0,-4252.0,13768.0
1555136156.3,0.09750000000002501,2.3903000000000247,8.707299999999918,0.6949999999999861,0.09760000000000701,1.5,0.8292714285714169,16.055757142857143,1.9860571428572484,0.0714285714285694,0.1428571428571459,0.2003428571428607,341.5871,761.4634,615.4006857142857,50.51394285714285,53.496514285714284,25.1568,338.0854,777.8049,607.2439,49.9025,54.1951,25.5976,-61.0,206.0,59.0,-6036.0,-412.0,13912.0
1555136156.31,4.5,89.1706999999999,7.292700000000082,0.20740000000001402,0.597600000000007,0.9024000000000001,1.2857142857142776,13.059228571428434,0.968642857142754,0.24389999999999645,0.015671428571430113,0.04354285714286377,342.41637142857144,777.519157142857,613.4146285714286,50.44251428571428,53.63937142857142,24.956457142857136,338.1829,775.4146,615.9512,50.59749999999999,54.2927,24.0976,-8.0,540.0,46.0,-5904.0,444.0,15700.0
1555136156.32,1.195100000000025,149.46339999999998,16.29270000000008,0.3049000000000035,0.09749999999999659,1.4024,0.5853571428571627,4.411157142857292,0.4843142857142766,0.4425142857142888,0.0714285714285765,0.11324285714285764,341.13065714285716,790.5783857142856,612.4459857142857,50.686414285714285,53.62369999999999,25.0,342.6829,686.2439,623.2439,50.8049,53.6951,25.0,53.0,419.0,113.0,-6580.0,652.0,16716.0
1555136156.33,9.304900000000032,15.317099999999982,6.902399999999943,2.0,0.5974999999999966,2.3048,0.2282142857142162,1.7979142857142278,2.8989571428570566,1.6428428571428595,1.8432000000000033,0.22822857142857345,341.7160142857143,794.989542857143,611.9616714285714,50.24389999999999,53.69512857142857,25.113242857142854,341.4878,835.7073,606.9512,50.5,53.5976,26.4024,-108.0,246.0,157.0,-6924.0,2124.0,16872.0
1555136156.34,13.902500000000032,16.097600000000057,14.902399999999943,2.8049000000000035,1.402399999999993,0.8048000000000002,0.6864142857143065,1.8048857142856605,1.7874571428571926,0.4999857142857138,0.055757142857139286,0.11324285714285764,341.9442285714285,793.1916285714287,614.8606285714285,51.88674285714285,51.851928571428566,24.885014285714284,350.7927,851.0244,600.0488,48.5,54.1951,24.0976,-54.0,297.0,-219.0,-6696.0,-1184.0,16576.0
1555136156.35,7.0,31.121899999999982,0.39030000000002474,1.207400000000007,0.3048999999999964,0.7927,0.5435571428571393,10.627171428571387,0.21602857142852366,0.2996571428571357,0.12891428571428065,0.013942857142858143,342.63064285714285,794.9965142857143,613.0731714285713,51.38675714285714,51.796171428571434,24.77177142857143,336.8902,834.9268,614.9512,51.3049,52.7927,24.9024,-89.0,-343.0,100.0,-5988.0,836.0,14924.0
1555136156.36,4.207299999999975,38.585399999999936,12.195100000000025,11.304899999999996,11.804899999999996,1.6951,0.7142857142857224,7.240414285714338,3.0,0.15680000000001115,0.1428571428571459,0.15678571428571075,343.1742,805.6236857142858,612.8571428571427,51.0871,51.66725714285714,24.757828571428572,343.8902,803.8049,615.3415,50.0975,53.0976,25.6951,-99.0,-17.0,80.0,-6800.0,1920.0,15892.0
1555136156.37,3.304899999999975,22.82929999999999,24.097600000000057,14.304799999999993,12.609699999999997,0.6951,1.3292714285714171,13.797914285714343,3.7421571428571947,0.0435571428571464,0.20034285714285005,0.12891428571428065,343.88848571428565,798.3832714285713,615.8571428571427,50.93029999999999,51.5244,24.601042857142854,339.6829,765.2195,627.5366,61.40239999999999,41.2927,24.0,184.0,420.0,124.0,-5340.0,7880.0,15280.0
1555136156.38,3.5,27.41470000000004,18.29270000000008,1.6096999999999966,1.1096999999999966,1.5975000000000001,1.2996571428571428,11.783971428571364,2.4564428571429744,0.5017428571428582,0.1271857142857229,3.552713678800501e-15,342.5592142857143,784.5853571428571,619.5993,50.97385714285714,51.32405714285715,24.729957142857142,342.9878,788.0488,603.439,47.0976,53.9024,23.3049,-134.0,-964.0,158.0,-2332.0,1160.0,13636.0
1555136156.39,0.0,24.390300000000025,6.219499999999925,0.6951000000000036,0.1951000000000036,0.40249999999999986,0.18467142857139152,6.550528571428572,1.5574857142855765,0.35539999999998884,0.0278714285714301,0.35714285714285765,343.8588714285715,772.8013857142856,622.0557428571431,50.472114285714284,51.196871428571434,24.729957142857145,346.4878,760.6341,621.7317,48.7073,52.7927,24.9024,127.0,273.0,-341.0,-8316.0,-4952.0,16660.0
1555136156.4,5.0,30.58540000000005,1.7072999999999183,0.5974999999999966,0.1951000000000036,0.30489999999999995,0.20035714285717174,3.337971428571336,0.5992999999999711,2.0435571428571464,1.8292714285714242,0.0992999999999995,344.04354285714277,766.2508571428571,623.6132285714285,50.116714285714295,51.22474285714286,24.372814285714284,346.4878,785.0244,627.9512,49.4024,52.5976,25.3049,-234.0,-14.0,251.0,-4476.0,1644.0,14404.0
1555136156.41,4.5,2.0,5.902399999999943,1.0122,0.8903000000000034,0.09759999999999991,0.5,4.703828571428629,3.5993000000000848,0.25609999999999644,0.07142857142856229,0.09930000000000304,344.2439,762.9128857142857,624.2125285714285,48.07315714285714,53.05401428571428,24.472114285714284,341.4878,754.439,626.2439,48.8049,52.7927,25.0,-200.0,-95.0,228.0,-6480.0,5116.0,16620.0
1555136156.42,0.8048999999999751,5.512200000000007,5.902399999999943,0.18300000000000693,1.3903000000000034,1.7073,1.17072857142864,0.5156714285715225,0.9686428571428678,0.3013857142857148,0.2299571428571383,0.08535714285714846,344.7439,758.2090571428571,627.8118285714286,48.329257142857145,52.98258571428572,24.571414285714287,345.9878,752.439,632.1463,47.7927,51.9024,24.9024,-36.0,-690.0,131.0,-6280.0,-236.0,14884.0
1555136156.43,4.097500000000025,16.097499999999968,5.487799999999993,0.5122,0.8048999999999964,1.5,0.7142857142856656,6.85714285714289,2.1010428571429434,7.105427357601002e-15,0.08537142857142754,0.08535714285714491,343.57317142857136,757.6933857142856,626.8431857142857,48.02787142857142,53.21254285714286,24.486057142857142,345.1829,757.9512,626.2439,47.6097,53.2927,23.1951,-86.0,-165.0,222.0,-6188.0,-184.0,14744.0
1555136156.44,5.4024,13.268299999999954,3.0976000000000568,1.7928000000000068,0.6951999999999998,0.6951,3.2857142857142776,0.3554000000001452,1.1010428571428292,0.0871142857142857,0.1864142857142852,0.0992999999999995,342.8588857142857,750.8362428571428,624.7421428571428,48.02787142857142,53.12717142857144,24.571414285714283,341.0854,741.8537,631.7317,47.0975,54.0976,24.6951,-136.0,-202.0,67.0,-5332.0,1180.0,14324.0
1555136156.45,8.195099999999968,1.902400000000057,13.682900000000018,2.2927000000000035,1.0,0.30489999999999995,2.3135857142857503,1.5888428571429358,2.686399999999935,0.2439000000000036,0.2421714285714245,0.013942857142858143,339.57317142857136,751.1916428571428,623.6410999999998,47.94075714285713,53.313585714285715,24.472114285714284,346.4878,755.122,628.6341,48.8903,53.4024,24.0,-23.0,220.0,247.0,-5848.0,1452.0,14856.0
1555136156.46,3.195099999999968,20.0,1.7072999999999183,2.8048,2.4024,1.5975000000000001,0.4146428571428942,1.4912857142855955,1.3867571428571637,0.2421714285714387,0.22822857142857345,0.04355714285714285,337.2595857142857,749.6027999999999,620.9547,48.18465714285714,53.55575714285714,24.486057142857145,338.2927,757.0244,614.9512,46.5976,54.4024,24.3049,-73.0,363.0,-46.0,-5856.0,608.0,15364.0
1555136156.47,23.0,19.902399999999943,5.292699999999968,1.2073000000000036,2.0976,1.5975000000000001,2.1864000000000487,2.4669000000000096,4.212542857142921,0.1864142857142852,0.0714285714285765,3.552713678800501e-15,337.67422857142856,748.1115142857143,619.5679428571427,48.426828571428565,53.327528571428566,24.529614285714285,341.4878,737.0244,613.2439,49.4024,52.0,25.9024,-40.0,220.0,64.0,-5960.0,364.0,15856.0
1555136156.48,11.304900000000032,15.609699999999975,5.195100000000025,1.3049000000000035,0.5,0.6951,3.771771428571356,0.153314285714373,0.5435428571428247,0.0993000000000066,0.0714285714285765,0.2578428571428546,339.86062857142866,750.5784142857143,615.3553999999998,48.61324285714286,53.25609999999999,24.52961428571429,318.4878,756.9268,618.5366,48.1951,54.0976,24.3049,-71.0,154.0,108.0,-6784.0,1572.0,15284.0
1555136156.49,18.292699999999968,6.195100000000025,3.195100000000025,0.1950999999999965,1.9025000000000034,1.5,2.1271714285714443,2.2578428571428053,1.0557571428571464,0.057485714285718366,0.02788571428571629,0.11324285714285764,343.6324,750.4250999999998,614.8118571428571,48.51394285714285,53.327528571428566,24.787457142857146,329.7927,741.3171,613.3415,49.5,53.5976,25.0,-53.0,156.0,290.0,-6340.0,-720.0,15068.0
1555136156.5,8.3048,11.60979999999995,14.292699999999968,0.9025000000000034,1.9025000000000034,1.1951,4.829271428571417,1.358885714285634,2.797914285714341,0.2717714285714265,0.2421571428571454,0.18639999999999898,345.7595714285714,748.167257142857,615.8676142857142,48.57142857142857,53.35541428571428,24.9007,348.0854,747.5122,616.5366,49.3049,51.6951,23.5,94.0,138.0,209.0,-7072.0,576.0,15264.0
1555136156.51,16.5,5.073199999999929,22.585399999999936,0.20720000000000027,0.3048000000000002,1.1098,6.972128571428584,2.327528571428502,0.21602857142852366,0.1149857142857087,0.31360000000000104,0.0557428571428531,350.58884285714277,749.5261428571428,618.6655285714286,48.29965714285714,53.597571428571435,24.7143,356.3902,759.122,602.2439,48.4024,53.5976,24.6951,-311.0,78.0,168.0,-6212.0,-1344.0,15072.0
1555136156.52,19.707299999999975,12.82929999999999,2.487799999999993,1.1951999999999998,0.6951999999999998,0.7073,4.027871428571416,1.0034857142857163,1.299642857142885,0.12891428571428776,0.013928571428571956,0.1707285714285689,357.5609714285714,747.1986142857143,618.8815571428571,48.41464285714285,53.283971428571434,24.770042857142855,372.8902,754.0488,624.8293,48.1952,53.9024,25.8049,89.0,39.0,233.0,-6408.0,2440.0,15524.0
1555136156.53,22.109800000000007,5.317099999999982,10.487799999999993,0.5,0.9025000000000034,0.5,1.1149714285714936,1.1149857142856945,0.8153285714284948,0.27178571428571274,0.2578428571428617,0.0714285714285694,361.58884285714277,748.2021,620.1812,48.285728571428564,53.2979,24.59931428571429,353.1829,741.2195,622.3415,47.0,54.5976,25.0976,-295.0,-69.0,150.0,-6668.0,1880.0,15360.0
1555136156.54,8.0,5.902500000000032,12.780499999999961,1.5,1.7926999999999964,0.09750000000000014,2.271771428571469,1.024400000000128,1.1428571428571104,0.1585285714285689,0.02788571428571629,0.11498571428571225,362.7038142857143,747.0871142857143,620.9965285714285,48.01394285714285,53.55574285714286,24.670742857142855,375.2927,746.5366,632.8293,47.5,53.6951,24.5976,-121.0,-111.0,404.0,-6848.0,960.0,15824.0
1555136156.55,9.304900000000032,7.707400000000007,2.390199999999936,0.4024000000000001,1.7926999999999964,0.8902000000000001,3.7142857142857792,0.689899999999966,1.4285714285715585,0.12891428571428776,0.1428571428571459,0.3153285714285694,360.43204285714285,746.0627142857143,622.1393857142857,47.85541428571428,53.527857142857144,24.78572857142857,367.2927,740.6341,620.0488,49.0,51.9024,24.6951,-13.0,-173.0,511.0,-6156.0,1708.0,15184.0
1555136156.56,2.0976,8.634199999999964,0.19509999999991123,1.1951999999999998,0.1950999999999965,0.19510000000000005,1.6132428571428363,3.6724714285714977,0.6132428571428363,0.18467142857142704,0.2282285714285805,0.18639999999999898,356.71775714285707,745.3728142857143,623.5679571428573,47.98432857142856,53.385,24.4704,357.9878,748.3415,622.439,48.5976,53.6951,23.8049,-400.0,-136.0,155.0,-5788.0,256.0,15312.0
1555136156.57,15.4024,12.24389999999994,12.0,0.10969999999999658,0.09759999999999991,1.5,2.0,0.4181142857144096,0.9407714285713382,0.08535714285714135,0.05750000000000455,0.0,355.1045142857143,749.0452857142857,622.9547142857143,48.169,53.156771428571425,24.6568,355.8902,739.7073,622.2439,47.4024,53.5,24.0,-139.0,112.0,405.0,-6712.0,404.0,15260.0
1555136156.58,6.4024,2.7316999999999325,24.585399999999936,1.8048999999999964,0.5,1.9024,1.729971428571389,0.18815714285722152,0.1289285714287871,0.015671428571430113,0.055757142857146384,0.08535714285714135,353.1045142857143,748.6271714285713,622.013942857143,48.25435714285714,53.21427142857142,24.6568,340.4878,751.9512,610.2439,47.2927,53.4024,25.5,-114.0,193.0,375.0,-5756.0,3240.0,14876.0
1555136156.59,5.0,17.70729999999992,16.78049999999996,0.8048999999999964,0.09759999999999991,2.8048,0.94251428571431,0.5992999999999711,1.843199999999911,0.029614285714288258,0.04181428571428114,0.11324285714285764,351.3745428571428,748.8153285714285,621.8850142857143,48.27002857142857,53.27002857142857,24.571442857142852,346.8902,749.2195,634.8293,49.0976,52.9024,23.5976,-328.0,162.0,512.0,-7280.0,-36.0,15288.0
1555136156.6,19.402500000000032,23.317000000000007,8.195100000000025,0.19520000000000692,1.0976,1.8048000000000002,0.8292571428571591,2.717771428571496,0.8571428571428896,0.1428571428571388,0.37108571428571213,0.013942857142858143,352.3170571428572,749.4146285714286,620.0418142857143,48.24041428571428,53.228214285714294,24.684685714285717,341.8902,766.9268,618.0488,48.2927,53.0,26.4024,-11.0,14.0,571.0,-6540.0,-1404.0,15536.0
1555136156.61,6.109800000000007,1.6585999999999785,7.097600000000057,1.0122,1.8048999999999964,0.5,0.11498571428569447,0.7874571428571926,2.7421571428571947,0.06968571428571835,0.055757142857139286,0.22822857142856634,351.4878,752.1324,620.8989571428573,48.09755714285714,53.5993,24.69862857142857,361.2927,743.6098,626.2439,48.0975,54.0976,24.5976,-340.0,310.0,835.0,-6652.0,-5684.0,15584.0
1555136156.62,9.402499999999975,10.58540000000005,9.609699999999975,0.7193999999999932,1.1096999999999966,0.5,3.3989571428571708,0.9616714285714352,1.6968714285715123,0.0992999999999924,0.02961428571428115,0.1724714285714306,351.6027857142857,751.3449428571428,623.6411142857144,48.02787142857142,53.65505714285714,24.926857142857138,355.1829,741.9512,619.1463,49.1097,52.2927,24.0976,-647.0,112.0,1294.0,-5544.0,-1476.0,15296.0
1555136156.63,14.5,6.195100000000025,18.707300000000032,1.9879000000000033,2.6952,0.5,6.714285714285666,2.01392857142855,0.9407571428571372,0.2421571428571525,0.08537142857143465,0.08535714285714135,355.00174285714286,752.3066142857143,621.9442428571429,47.92857142857143,53.62544285714286,25.099328571428572,364.5854,752.5366,609.5366,48.3903,53.4024,24.5976,-556.0,164.0,1503.0,-5772.0,864.0,15068.0
1555136156.64,8.792699999999968,12.292700000000082,1.1950999999999112,0.4025000000000034,2.3048999999999964,3.0,0.7003571428571149,3.4773428571428435,1.372828571428613,0.05750000000000455,0.09931428571427857,0.07142857142857295,361.7160285714285,750.2926857142858,622.885,47.686414285714285,53.54007142857142,25.01397142857143,350.0854,758.7317,628.2439,46.4024,56.0976,24.0976,-858.0,122.0,1450.0,-6564.0,2992.0,15536.0
1555136156.65,29.390199999999993,9.512200000000007,6.487799999999993,1.5976,1.097600000000007,2.2927,0.6428571428571672,0.9129000000000359,0.04181428571428114,0.17247142857142705,0.1149857142857158,0.3153285714285694,361.0156714285714,753.7700285714285,621.5121714285714,47.74391428571428,53.440757142857144,25.0854,341.2927,746.439,629.439,46.8049,53.7927,27.0976,-1131.0,33.0,1456.0,-6368.0,1412.0,14980.0
1555136156.66,18.207299999999975,3.1218999999999824,1.6829000000000178,1.8049000000000035,0.2926999999999964,1.0,3.986071428571393,0.1254285714285288,0.8292714285714737,0.02787142857143721,0.07142857142856229,0.2003571428571398,361.6585285714286,754.6829285714285,621.5539857142858,47.571442857142856,53.55574285714286,25.40072857142857,370.6829,755.9512,622.9512,48.4025,52.6951,24.8049,-825.0,-217.0,1646.0,-6872.0,-88.0,14964.0
1555136156.67,32.5,15.121899999999982,8.0,1.9024,1.0,0.7073,3.7421571428571374,2.0278714285714163,0.8989571428570571,0.10104285714285056,0.22822857142856634,0.4285714285714306,357.6724571428572,754.8083571428571,622.3832571428571,47.543571428571425,53.62717142857142,25.20037142857143,388.8902,752.8293,624.6341,46.5976,52.4024,25.8049,-1024.0,252.0,1757.0,-6492.0,-72.0,15208.0
1555136156.68,3.292700000000025,19.609699999999975,2.804899999999975,0.5975999999999999,0.3048000000000002,1.2073,4.9128857142856655,0.1951285714286541,1.1289142857144725,0.198599999999999,0.0278714285714301,0.5714285714285765,361.4146142857143,752.7804857142855,621.4843000000002,47.44252857142857,53.398942857142856,25.62894285714286,356.3902,767.9512,616.6341,48.5,53.4024,25.0976,-1077.0,-6.0,1829.0,-6180.0,-896.0,14996.0
1555136156.69,23.0,5.073099999999954,4.097499999999968,0.2927999999999997,0.8048000000000002,3.1098,4.170728571428583,0.01394285714286525,1.700342857142914,0.20035714285714332,0.29965714285714284,0.11498571428571225,366.3275,752.9756142857143,620.3553857142856,47.64112857142857,53.37107142857143,25.057514285714284,359.6829,748.3415,619.439,47.9024,53.0976,26.3049,-1020.0,41.0,2046.0,-6896.0,-932.0,15428.0
1555136156.7,39.5976,8.877999999999929,6.609699999999975,2.5001000000000033,0.5975999999999999,3.9025,1.5156714285714088,1.2125428571430348,0.6550428571428029,0.1864000000000061,0.1707428571428551,0.0871142857142857,362.1567714285714,752.9895571428572,618.6550428571427,47.44077142857142,53.67072857142857,24.94252857142857,336.6829,753.4146,615.3415,48.1952,53.9024,23.1951,-918.0,234.0,2144.0,-6380.0,-420.0,15460.0
1555136156.71,0.5975999999999999,3.268299999999954,0.41459999999995034,2.5,0.9024000000000001,4.0,1.7282285714285877,2.2438999999998264,1.156800000000089,0.1149857142857158,0.12891428571428776,0.057500000000001,360.6411,751.7770142857141,617.9999999999999,47.62717142857144,53.841471428571424,24.85541428571429,376.2805,744.5366,621.9512,45.6951,54.5,27.0976,-540.0,218.0,1814.0,-5940.0,-504.0,15804.0
1555136156.72,34.195100000000025,8.243900000000053,10.487799999999993,1.1951000000000036,1.1951000000000036,0.9024000000000001,0.8275285714286156,1.1846571428570771,1.2160285714285235,0.15678571428571786,0.057499999999997435,0.1289285714285704,362.3693285714286,749.5331142857143,619.1568,47.51218571428571,53.71255714285714,24.797914285714285,375.6829,747.8049,621.5366,48.1951,53.5976,23.0976,-968.0,252.0,1656.0,-5948.0,544.0,15368.0
1555136156.73,36.792700000000025,11.707300000000032,9.0,0.9024000000000072,1.1951000000000036,1.1951,3.0435571428571397,0.5574857142856899,1.55748571428569,0.015671428571430113,0.02961428571428115,0.2857142857142847,361.5418,750.7177714285713,620.3728285714285,47.3554,53.65505714285714,24.668985714285718,341.4878,756.0488,611.0488,46.99999999999999,54.7927,24.0,-844.0,58.0,1614.0,-5804.0,1176.0,15348.0
1555136156.74,9.792700000000025,7.902400000000057,4.682900000000018,0.2073000000000036,1.0976,0.5,0.15679999999997565,1.0731714285714131,1.083628571428676,0.142871428571425,0.15680000000000405,0.5278857142857163,364.5853571428571,750.1602857142857,621.9303142857143,47.37107142857143,53.62544285714286,24.9547,378.2805,744.3415,620.0488,47.9024,53.5976,25.1951,-996.0,127.0,1653.0,-6356.0,1640.0,15604.0
1555136156.75,14.5976,4.390199999999936,3.2194999999999254,0.890199999999993,0.1950999999999965,0.7073,0.3989571428571139,1.0871000000000777,1.3135857142856366,0.05750000000000455,0.013942857142851041,0.2578285714285755,364.42855714285713,751.2334571428571,623.0139428571429,47.51394285714285,53.46864285714285,24.426814285714283,368.4878,752.2439,624.7317,47.6951,52.5,24.6951,-973.0,145.0,1567.0,-6316.0,1512.0,15644.0
1555136156.76,4.0976,7.121899999999982,1.7072999999999183,1.5,1.0,0.20730000000000004,2.5435571428570825,2.1324000000000747,0.8710714285714403,0.22822857142856634,0.0278714285714301,0.1289142857142842,364.0296,752.3205571428572,624.3275285714285,47.571442857142856,53.4547,24.684642857142855,353.8902,756.6341,627.9512,46.8049,52.6951,25.4024,-993.0,141.0,2154.0,-6472.0,1576.0,15668.0
1555136156.77,17.195100000000025,2.5366000000000213,3.292699999999968,1.6097000000000037,0.2926999999999964,1.7927,1.2700428571428688,0.16028571428569194,0.01392857142855064,0.1428571428571317,0.1864142857142923,0.15854285714285865,366.57315714285716,750.1881571428571,625.1985999999998,47.34321428571429,53.426828571428565,24.813557142857146,357.9878,749.5122,626.2439,48.3049,53.6951,25.1951,-1157.0,-34.0,2635.0,-6080.0,292.0,15548.0
1555136156.78,2.292700000000025,3.365799999999922,1.195100000000025,1.9024,0.09759999999999991,1.5,0.8432000000000244,1.9860571428572484,0.9128857142854941,0.2856999999999914,0.2003428571428572,0.1585428571428551,365.3031142857143,750.0278714285713,625.2125285714285,47.48607142857142,53.24041428571428,24.9721,375.1829,752.0488,629.5366,46.6952,53.4024,23.4024,-730.0,-46.0,2358.0,-5968.0,2524.0,14968.0
1555136156.79,13.597499999999968,14.292599999999993,13.58540000000005,3.1952,1.0976,0.0,0.6846714285713915,2.4599285714284638,1.8885000000000216,0.07141428571428321,0.013928571428564851,0.18639999999999898,366.14631428571437,748.0418142857143,624.299642857143,47.20037142857144,53.440757142857144,25.130642857142853,372.8902,755.4146,630.7317,48.5976,53.5,24.9024,-1616.0,-22.0,2315.0,-6392.0,896.0,15220.0
1555136156.8,10.097499999999968,2.097500000000082,3.0,3.499999999999993,2.3048999999999964,1.4024999999999999,3.2996571428571433,1.3240428571428993,0.36934285714278303,0.0992999999999995,0.0993000000000066,0.29964285714285666,366.83098571428565,745.5818857142857,622.411142857143,47.271785714285706,53.426828571428565,24.944242857142854,359.2927,741.122,617.1463,45.4024,54.5976,24.9024,-1240.0,34.0,2160.0,-5568.0,2156.0,15024.0
1555136156.81,5.0,4.878000000000043,1.8048000000000002,3.207199999999993,1.6096999999999966,0.5,2.299642857142828,1.1916428571430515,0.34494285714276884,0.14458571428571074,0.01567142857142301,0.25609999999999644,370.1306428571428,744.2578428571428,622.7804857142858,47.371085714285705,53.327528571428566,24.6446,369.3902,743.2195,620.1463,48.90239999999999,52.2927,26.3049,-1083.0,202.0,2213.0,-6676.0,1204.0,15284.0
1555136156.82,15.707299999999975,1.073099999999954,3.60979999999995,1.6096000000000004,1.3048000000000002,1.7073,2.571428571428555,2.285714285714107,1.2264857142856729,0.4703857142857117,0.11324285714285764,0.1567857142857143,367.831,743.0661999999996,623.1254285714285,47.51567142857142,53.31185714285714,24.9007,374.3902,738.3415,618.3415,45.6952,53.9024,25.8049,-1613.0,89.0,2563.0,-6380.0,1172.0,15664.0
1555136156.83,22.402499999999975,0.829300000000103,14.097599999999943,1.6951999999999998,0.4024000000000001,1.0,3.4564428571428607,1.3309999999999036,2.8571428571427764,0.5714285714285694,0.22822857142857345,0.2578285714285684,365.2595714285714,740.7804857142855,621.8989428571429,47.045285714285704,53.4251,24.743914285714283,358.6829,739.4146,614.7317,47.3048,52.5976,24.0976,-1325.0,120.0,2674.0,-5608.0,820.0,15680.0
1555136156.84,22.0,3.4633999999999787,3.1218999999999824,1.2927000000000035,0.2927000000000035,2.0975,1.656785714285718,0.8153285714286085,1.4146428571428942,0.18639999999999898,0.015671428571430113,0.372828571428574,368.7160142857143,742.1114857142854,624.7560857142856,47.61671428571428,53.196871428571434,24.486085714285718,381.0854,740.2439,628.8293,49.0,53.0,23.0976,-1032.0,67.0,2867.0,-6496.0,1016.0,15348.0
1555136156.85,4.1952,4.292700000000082,9.804899999999975,2.402399999999993,1.0,1.3902,5.3432000000000235,1.5121857142856925,2.12892857142856,0.4703714285714256,0.0,0.2578428571428581,367.05922857142855,742.9268142857143,626.1707285714285,47.43031428571428,53.21254285714286,24.11325714285714,359.0854,743.7073,631.9512,47.7073,53.2927,25.1951,-1273.0,-18.0,2749.0,-6284.0,512.0,15604.0
1555136156.86,28.5976,11.024400000000014,15.0,4.097499999999997,1.2927000000000035,0.7073,0.3275285714285019,1.8188142857144385,0.11150000000009186,0.07315714285714138,0.18639999999999898,0.08535714285714135,361.7160285714285,744.4389999999999,624.0418,47.90068571428571,53.21254285714286,23.855414285714282,354.8902,739.4146,622.1463,45.3049,54.2927,23.8049,-1374.0,91.0,2265.0,-5372.0,-208.0,14984.0
1555136156.87,25.695099999999968,1.512200000000007,7.097499999999968,1.8048000000000002,0.5975999999999999,0.5975000000000001,4.113242857142893,3.1289142857142447,2.7839714285713626,0.22822857142857345,0.013942857142858143,0.013928571428579062,361.3885,746.2578142857143,623.9302999999999,47.827528571428566,53.398942857142856,23.940771428571423,383.4878,750.439,637.1463,49.4024,53.0,23.0976,-1046.0,238.0,2119.0,-6784.0,2344.0,14984.0
1555136156.88,20.804900000000032,0.0,26.609800000000064,1.390199999999993,1.5,0.30489999999999995,5.428571428571445,2.216028571428524,0.7735142857142137,0.2421714285714316,0.08537142857142754,0.1846714285714306,357.2752571428572,749.3867285714285,621.1463285714285,47.59929999999999,53.41288571428571,23.954700000000006,357.7927,748.9268,630.0488,47.5976,52.4024,23.6951,-1051.0,74.0,2063.0,-6508.0,2624.0,15496.0
1555136156.89,19.4024,3.219500000000039,10.512200000000007,2.1950999999999894,0.0,0.6951,3.742171428571453,0.06272857142857903,0.5853714285714204,0.2282142857142873,0.0714285714285694,0.14285714285714235,362.70382857142863,751.6027571428571,620.3728142857143,47.841471428571424,53.327514285714294,23.770028571428572,336.9878,748.9268,603.439,48.98779999999999,53.9024,24.0,-1430.0,145.0,2415.0,-6860.0,-48.0,15832.0
1555136156.9,4.097499999999968,10.0,4.609699999999975,0.6096999999999966,0.8048000000000002,1.5,1.043557142857196,0.7316999999999325,3.1707285714285263,0.0714285714285694,0.029614285714288258,0.2003428571428572,366.44599999999997,751.6654857142856,620.9581857142857,48.069685714285704,53.25608571428572,23.912885714285718,356.3902,752.1463,613.9512,46.7927,53.9024,24.6951,-911.0,-91.0,2749.0,-5968.0,904.0,15448.0
1555136156.91,44.79269999999997,2.9267999999999574,17.195100000000025,2.0001000000000033,0.4025000000000034,0.7073,0.9006999999999721,1.087099999999964,0.8432142857143392,0.015671428571430113,0.18467142857142704,0.1428571428571459,365.4024428571428,750.9337857142857,617.7874571428573,48.14111428571428,53.226471428571436,24.11322857142857,352.2927,762.1463,609.3415,47.4024,53.0976,23.1951,-1023.0,-68.0,2750.0,-6544.0,-68.0,14692.0
1555136156.92,16.0,19.365800000000036,0.292699999999968,2.5001000000000104,1.097600000000007,0.9024999999999999,5.128914285714245,0.9128857142857214,3.24389999999994,0.198599999999999,0.1428571428571459,0.15679999999999694,364.50174285714286,749.8466857142857,616.9442428571429,48.15678571428571,53.411142857142856,24.256085714285717,397.0854,759.2195,626.5366,49.4025,52.6951,23.9024,-1758.0,-128.0,2894.0,-6344.0,2780.0,15716.0
1555136156.93,4.902499999999975,5.463399999999979,11.292700000000082,3.0,1.0,0.30489999999999995,4.7142857142857215,1.3170714285714666,0.38327142857144736,0.2299571428571383,0.08709999999999951,0.057499999999997435,369.63065714285716,748.9338,620.1881428571427,47.958185714285705,53.26828571428571,24.412885714285718,381.0854,739.8537,626.2439,46.90239999999999,53.7927,24.8049,-1508.0,-8.0,2803.0,-5320.0,552.0,14912.0
1555136156.94,24.695100000000025,4.0,9.195100000000025,2.1950999999999965,0.902399999999993,0.19510000000000005,2.0,2.0766428571429287,1.4146285714285796,0.2142857142857153,0.15679999999999694,0.1289285714285704,374.34494285714277,747.6167285714287,620.5714142857142,48.18814285714285,53.18118571428571,24.47038571428571,376.1829,745.3171,614.9512,49.90239999999999,52.7927,24.5,-1096.0,60.0,2793.0,-5836.0,1460.0,15220.0
1555136156.95,21.4024,1.219500000000039,2.0,0.10969999999999658,0.7926999999999964,0.40249999999999986,1.614985714285751,2.0836285714285623,0.10104285714282923,0.10105714285714383,0.1149857142857087,0.2142857142857153,376.34494285714277,745.5400857142856,621.9860428571427,48.402428571428565,53.02438571428571,24.599314285714282,351.4878,741.3171,624.1463,47.7073,53.6951,24.6951,-1311.0,162.0,2895.0,-6152.0,3764.0,14672.0
1555136156.96,16.5,0.39019999999993615,9.512200000000007,0.8047999999999931,0.3903000000000034,0.0,1.3275285714285587,1.797900000000027,0.5992999999999711,0.11324285714285764,7.105427357601002e-15,0.02787142857142655,374.72995714285713,743.4564571428571,621.885,48.30137142857142,53.13937142857142,24.8136,372.8902,742.5366,626.1463,47.5976,52.9024,25.0976,-1725.0,27.0,3230.0,-6892.0,2036.0,14428.0
1555136156.97,23.097499999999968,4.682999999999993,2.609800000000064,0.5000000000000071,1.2927000000000035,1.0,1.1724714285714413,0.3414571428571662,1.4564428571429744,0.20034285714285005,0.02961428571427405,0.0714285714285694,373.4024285714285,745.2543571428571,622.4843,48.188128571428564,53.13937142857144,24.841471428571424,389.3902,742.9268,616.6341,48.40239999999999,53.2927,25.0976,-2110.0,171.0,3607.0,-6968.0,-32.0,15604.0
1555136156.98,19.487799999999993,2.9756999999999607,6.585399999999936,0.2073000000000036,1.5,1.3048000000000002,1.8710857142857549,1.2752571428571855,0.8432000000001381,0.2735142857142918,0.043557142857153515,0.027871428571423,374.5749,745.5958142857143,623.9407428571428,47.98778571428571,53.16898571428571,24.912899999999997,366.2927,747.6098,619.2439,48.9024,52.0,24.0976,-1762.0,12.0,3815.0,-6600.0,1132.0,15600.0
1555136156.99,13.987799999999993,7.804899999999975,4.609699999999975,2.5854,0.2927000000000035,0.4024000000000001,0.37107142857144026,0.16028571428580562,1.5017428571428582,0.05750000000000455,0.09931428571427857,0.013942857142858143,376.44598571428565,746.8710714285713,623.0975428571427,47.71427142857142,53.21254285714286,24.88502857142857,385.7805,744.6341,625.8293,48.6951,53.5,25.4024,-1710.0,40.0,4025.0,-6788.0,-200.0,16096.0
1555136157.0,12.597499999999968,4.7316999999999325,5.292699999999968,2.3903000000000034,0.7927000000000035,0.0,3.771771428571412,0.8710857142857549,2.599314285714172,0.17247142857142705,0.1149857142857158,0.013942857142858143,376.0749142857143,746.7107857142856,621.5957999999998,47.656771428571425,53.31185714285714,24.871085714285712,371.7927,752.439,630.439,46.1097,53.7927,25.0,-1427.0,41.0,3940.0,-6820.0,-16.0,15384.0
1555136157.01,19.8048,2.5366000000000213,6.902399999999943,2.7072999999999965,1.0,0.5,3.527871428571359,1.101042857142943,0.10104285714271556,0.3292571428571378,0.20034285714286426,0.04181428571428114,372.30314285714286,747.5818714285713,624.1951142857141,47.48429999999999,53.42684285714285,24.857142857142854,384.3902,747.7073,625.1463,48.5,53.0,25.0,-1839.0,8.0,3774.0,-6700.0,3608.0,15804.0
1555136157.02,5.707300000000032,8.829300000000103,2.609800000000064,1.402399999999993,0.4024000000000001,0.5,5.670728571428526,0.8292571428571591,0.926828571428473,0.15678571428571786,0.0,0.8710857142857122,375.83101428571416,748.6829142857142,624.0940714285714,47.155042857142845,53.627185714285716,24.81532857142857,364.5854,750.2439,618.2439,45.7927,54.0,24.5,-1975.0,246.0,3416.0,-7028.0,2828.0,16244.0
1555136157.03,7.304900000000032,7.609800000000064,19.1952,0.0,0.5,0.0,0.2996428571428851,0.01392857142855064,0.8571428571426623,0.4129000000000005,0.055757142857146384,0.21428571428571172,370.16028571428564,747.8536571428572,623.1672428571429,46.99825714285714,53.627185714285716,25.68641428571428,370.2927,741.4146,615.6341,47.1951,53.5976,25.0,-1865.0,-112.0,3705.0,-7144.0,-148.0,15612.0
1555136157.04,28.0,6.292699999999968,16.292699999999968,0.5974999999999966,0.6951999999999998,1.1951,0.17074285714284088,0.8223000000001548,1.1707285714285265,0.0435571428571393,0.0,0.1289142857142842,370.4599285714286,747.8397285714287,624.0243857142857,47.41115714285714,53.57142857142857,25.9007,362.9878,749.0244,634.8293,47.1951,54.0976,25.0,-1744.0,-96.0,3834.0,-6916.0,-3120.0,15744.0
1555136157.05,44.9024,16.487799999999993,0.8048999999999751,1.0,0.09759999999999991,7.6951,0.0,1.9442571428570543,0.12891428571424512,0.05922857142856941,0.0435571428571464,0.04355714285714285,370.6306714285714,747.0174285714286,622.8536571428572,47.3676,53.57142857142857,25.771785714285716,390.9878,755.3171,618.5366,46.5976,53.4024,23.8049,-1978.0,-162.0,3815.0,-6104.0,-3368.0,15060.0
1555136157.06,27.8048,13.512200000000007,17.097499999999968,1.4024,0.09759999999999991,5.0,1.3135857142856937,0.22298571428575545,0.7735285714285283,0.1707285714285689,0.0278714285714301,0.04355714285714285,370.6306714285714,745.0731714285713,622.7247428571427,47.426828571428565,53.52787142857142,25.815342857142852,346.0854,738.8293,619.3415,47.5976,53.5,31.5,-1999.0,-64.0,4230.0,-5876.0,564.0,15072.0
1555136157.07,11.6952,10.390300000000025,19.487799999999993,0.8049000000000035,0.4024000000000001,2.4024,3.2996571428571433,0.9547000000000024,1.470385714285726,0.1864142857142852,0.2421714285714316,0.12891428571428776,371.9442571428571,744.8501857142858,623.4982714285712,47.2561,53.555742857142846,25.8589,373.8902,752.3415,636.439,49.0,53.4024,26.5,-1577.0,-234.0,4411.0,-6076.0,4152.0,14916.0
1555136157.08,21.0,5.317099999999982,0.39030000000002474,1.9878,0.6950999999999965,0.7073,1.886757142857164,1.88154285714279,0.8989571428570571,0.12891428571428776,0.17247142857143416,0.11324285714285764,375.24391428571437,743.8954857142858,622.0278857142856,47.44251428571428,53.31357142857142,25.987814285714286,385.5854,741.9512,616.9512,48.1951,53.0,24.0976,-1896.0,102.0,4181.0,-6572.0,512.0,15032.0
1555136157.09,14.9024,3.219600000000014,3.707300000000032,0.2073000000000036,0.09760000000000701,0.5,5.313585714285749,0.9407571428570236,1.372828571428613,0.08709999999999951,0.02961428571428115,0.9564428571428572,373.35715714285715,742.013942857143,621.1289285714286,47.57142857142857,53.14109999999999,26.101057142857147,364.5854,736.6341,617.3415,46.2073,53.6951,24.8049,-2380.0,147.0,4028.0,-5684.0,1220.0,15348.0
1555136157.1,6.5976,2.487799999999993,3.487799999999993,2.500000000000007,1.3903000000000034,0.5975000000000001,0.7142857142857224,3.75608571428586,1.94424285714274,0.15679999999999694,0.01394285714286525,0.3292714285714311,378.67074285714284,742.9546999999999,619.7561,47.65852857142857,53.111485714285706,25.144614285714287,379.4878,739.8537,621.0488,45.99999999999999,53.7927,25.3049,-2171.0,61.0,4192.0,-6300.0,2300.0,15572.0
1555136157.11,8.304899999999975,0.19519999999999982,12.292699999999968,1.0,0.2073000000000036,1.3048000000000002,0.8432142857142821,3.9233428571428703,1.8153285714286085,0.05748571428571125,0.0714285714285694,0.4146285714285725,377.9564571428571,746.7107857142857,617.8118571428573,47.815328571428566,53.125428571428564,24.815342857142852,386.0854,742.3415,624.5366,48.5,52.4024,25.9024,-1951.0,45.0,4268.0,-6008.0,-2324.0,15312.0
1555136157.12,5.5,3.268299999999954,2.512200000000007,0.7072999999999965,1.097600000000007,0.20730000000000004,3.928571428571445,4.299657142857087,2.2857142857142208,0.3414714285714311,0.0435571428571464,0.07142857142857295,377.1132428571429,750.6341285714287,615.9965285714286,47.75784285714286,53.19685714285714,25.229971428571428,377.7805,742.1463,612.2439,47.5,52.1951,24.5976,-2219.0,100.0,4173.0,-6736.0,1980.0,15408.0
1555136157.13,14.390300000000025,33.21950000000004,13.097599999999943,1.8903000000000034,0.2072999999999965,0.6097999999999999,3.7717714285714687,5.9512142857141725,0.2996428571427714,0.2003428571428572,0.04181428571428825,0.0871142857142857,381.04181428571434,754.9337857142857,613.7108142857144,48.09931428571429,53.240414285714294,25.3014,383.2805,745.4146,609.7317,48.2073,53.2927,24.8049,-2521.0,113.0,4773.0,-6660.0,1368.0,15688.0
1555136157.14,10.792700000000025,9.219500000000039,18.585399999999936,2.3048999999999964,0.0,2.8049,0.4721142857143264,3.623685714285671,0.2438999999999396,0.12892857142856684,0.11324285714285055,0.4006857142857143,377.2700428571428,760.8849999999999,614.0104571428571,48.29965714285714,53.1986,25.214285714285715,368.8902,778.6341,622.8293,50.0976,53.5,24.1951,-1924.0,-508.0,4980.0,-6540.0,2736.0,14952.0
1555136157.15,12.402499999999975,2.682899999999904,2.902400000000057,0.8048999999999964,0.5,1.6951,3.1167285714285526,4.898957142857171,0.5853714285714204,0.1149714285714296,0.20035714285715045,0.11497142857142605,377.74215714285714,764.5086857142854,614.2543571428571,48.42858571428571,53.31184285714285,24.8136,379.6829,769.4146,604.2439,47.7927,53.5,27.0,-2156.0,159.0,4807.0,-6256.0,1044.0,14940.0
1555136157.16,39.0,14.780499999999961,21.8048,1.1951999999999998,0.5,0.6097999999999999,1.9128999999999792,4.585371428571534,3.2996571428572,0.055757142857146384,0.11324285714286475,0.15678571428571075,380.85888571428563,769.4076428571428,614.8397285714285,48.54355714285714,53.5122,24.92857142857143,392.0854,766.7317,601.3415,48.5976,54.0,25.3049,-2528.0,30.0,4370.0,-6552.0,96.0,15864.0
1555136157.17,36.3048,13.804899999999975,3.0976000000000568,2.0001000000000033,0.3049000000000035,1.5975000000000001,0.21081428571420704,1.5888428571429358,2.797914285714341,0.4703857142857189,0.18467142857143412,0.34321428571428925,378.94598571428565,773.9930142857143,618.1393857142857,48.59931428571429,53.39895714285714,25.085357142857138,353.0854,781.5122,623.1463,47.4024,53.5,24.6951,-2248.0,33.0,4988.0,-6088.0,2544.0,15464.0
1555136157.18,10.207400000000007,8.731699999999933,9.902400000000057,1.0977000000000032,0.4025000000000034,2.3048,0.05922857142849125,0.3414571428570525,2.386757142857164,0.04181428571428825,7.105427357601002e-15,0.4285714285714306,379.15679999999986,772.4041714285713,615.3414714285714,48.12892857142857,53.58362857142857,25.42857142857143,389.3902,767.7073,626.2439,49.4025,53.1951,23.0976,-2153.0,111.0,4822.0,-5944.0,-132.0,15080.0
1555136157.19,29.707400000000007,1.0732000000000426,16.487799999999993,0.2927999999999997,1.0976,0.5,1.9878142857143075,2.4529571428570307,2.4424999999999955,0.14112857142856686,0.10104285714285056,0.0714285714285694,379.09757142857137,772.0627142857143,617.7282285714285,48.087114285714286,53.58362857142857,25.0,399.5976,776.439,616.3415,48.3048,53.5976,25.4024,-2701.0,166.0,4361.0,-6604.0,608.0,15884.0
1555136157.2,0.47570000000001755,10.0,29.585399999999936,1.7926999999999964,2.2927000000000035,0.6951999999999998,0.012185714285692484,1.0104571428571492,3.6585285714285183,0.09931428571428567,0.1149857142857087,0.08711428571428925,377.1097571428571,774.5156714285713,620.1707285714285,47.945985714285705,53.482585714285705,24.92857142857143,369.8902,777.5122,632.8293,48.5976,52.5,25.9024,-2340.0,-176.0,5145.0,-6460.0,3260.0,15376.0
1555136157.21,8.9024,0.4877999999999929,17.70729999999992,0.6950999999999965,1.2927000000000035,2.5976,0.43902857142859375,0.9616714285714352,2.44251428571431,0.17248571428572035,0.12892857142856684,0.08535714285714135,377.1219428571428,773.5052142857141,616.5122,48.0453,53.3676,25.015685714285716,370.3659,767.5122,603.2439,46.8049,54.7927,26.5976,-2101.0,-194.0,5049.0,-6288.0,1456.0,14892.0
1555136157.22,1.0976,16.87799999999993,2.512200000000007,0.10969999999999658,0.2072999999999965,0.8049,1.5104428571428343,0.9268285714287005,2.9860714285714494,0.07141428571428321,0.013928571428571956,0.013942857142854592,377.5609714285714,774.4668857142856,614.0696857142857,47.872814285714284,53.49652857142856,25.101042857142854,379.2683,767.0244,620.9512,47.5,53.5,24.0,-2762.0,249.0,5042.0,-6488.0,3916.0,16204.0
1555136157.23,25.0,9.463399999999979,20.902399999999943,0.48790000000000333,0.597600000000007,0.5,1.7961714285713697,0.3275285714286156,3.8118571428572072,0.4129000000000005,0.11324285714285055,0.35714285714285765,379.07141428571424,775.3937142857143,611.0836142857142,47.8014,53.51045714285714,25.114985714285712,378.1707,783.9024,618.439,47.6097,53.2927,24.8049,-2483.0,-172.0,5204.0,-5284.0,-144.0,14452.0
1555136157.24,39.29269999999997,0.0,11.609699999999975,0.09749999999999659,1.4025000000000034,1.6098,2.1149714285714936,0.1254428571429571,3.3414571428571658,0.1864142857142781,0.0992999999999924,0.21428571428571172,380.86758571428567,775.7212428571429,607.2717571428569,47.38849999999999,53.62369999999999,24.757842857142855,353.1707,774.439,597.5366,48.0976,52.6951,25.3049,-2346.0,187.0,5210.0,-7280.0,908.0,15728.0
1555136157.25,17.707300000000032,8.487799999999993,13.707300000000032,0.390199999999993,0.4025000000000034,1.8049,1.0975571428571698,1.0592285714285479,0.8013857142856295,0.20034285714285005,0.0714285714285765,0.1707285714285689,382.9825571428571,775.5957999999998,610.6132142857142,47.202085714285715,53.5244,24.543557142857146,392.4634,774.439,609.1463,48.1951,54.0976,23.6951,-2723.0,-7.0,5067.0,-5344.0,-1892.0,14368.0
1555136157.26,27.707300000000032,3.1218999999999824,10.707300000000032,2.097600000000007,0.402399999999993,2.0976,1.3832857142857051,1.108014285714262,1.1149857142856945,0.2020857142857153,0.0435571428571393,0.02787142857142655,384.08011428571433,776.6550285714285,609.8118285714286,47.402428571428565,53.45297142857142,24.71428571428571,410.1707,782.9268,595.439,47.8049,53.6951,25.5,-2600.0,174.0,5353.0,-6936.0,-848.0,15372.0
1555136157.27,2.707300000000032,13.170799999999986,20.487799999999993,0.2072999999999965,0.8048999999999964,1.6951999999999998,6.383285714285648,0.9616714285714352,3.156785714285661,0.5714285714285694,0.2142857142857153,0.05574285714286376,385.4634,775.5470142857142,610.9268142857143,47.20034285714285,53.49652857142856,24.742157142857142,382.4634,779.8049,606.1463,45.7073,53.2927,23.4024,-2450.0,-112.0,5408.0,-5528.0,876.0,14340.0
1555136157.28,1.780499999999961,7.804899999999975,11.292599999999993,3.4024,1.0976,0.09750000000000014,2.4424999999999955,0.4250857142857285,1.5122000000000069,0.0156857142857163,0.20035714285714332,0.21428571428571172,391.8466857142857,774.5853428571428,614.0835999999998,46.62891428571428,53.710814285714285,24.7979,385.1707,766.6341,626.6341,45.5,54.0976,25.0976,-2565.0,86.0,5366.0,-7096.0,-48.0,15228.0
1555136157.29,0.9025000000000318,1.707300000000032,10.902400000000057,2.7073000000000036,0.5975999999999999,0.19510000000000005,5.686399999999934,0.8710714285714403,3.4425142857143096,0.08537142857143465,0.07142857142856229,0.3135857142857148,389.40418571428563,775.0104285714285,615.5957999999998,46.6446,53.51045714285714,25.012185714285717,386.9512,774.439,615.3415,48.9024,53.0,25.1951,-2691.0,168.0,5475.0,-5768.0,2676.0,14504.0
1555136157.3,10.0,8.438999999999965,6.609800000000064,2.0974999999999966,0.5974999999999966,0.6951,0.5714285714285552,3.7142857142856656,3.8118571428572072,0.1707285714285831,0.17247142857142705,0.22822857142857345,383.71778571428564,774.1393571428571,619.0383142857143,46.55922857142857,53.439028571428565,24.6986,387.8537,776.1463,626.2439,46.1951,53.5976,25.0,-2811.0,422.0,5687.0,-7184.0,-896.0,15992.0
1555136157.31,22.487799999999993,9.707299999999918,0.09760000000005675,4.207300000000004,1.5,0.5,3.1707428571428413,1.8466857142858544,0.3554000000001452,0.1149857142857158,0.2003428571428572,0.08537142857143465,384.28921428571437,770.4250714285713,622.8501714285715,46.72995714285714,53.6115,24.926828571428572,397.8537,767.7073,619.6341,44.0976,54.1951,25.6951,-2532.0,-152.0,5683.0,-5128.0,736.0,14624.0
1555136157.32,5.0,0.5852999999999611,0.19510000000002492,1.097600000000007,0.5,1.8902,3.644600000000082,1.1567857142856608,1.4285714285715585,0.0714285714285765,0.0714285714285765,0.04181428571428469,387.45995714285715,768.5783857142856,622.4947714285712,46.61497142857144,53.81184285714286,24.841457142857138,375.3659,777.4146,619.7317,48.3049,52.6951,25.1951,-2603.0,223.0,5448.0,-7672.0,1504.0,16252.0
1555136157.33,16.097499999999968,23.024400000000014,13.292699999999968,0.3048999999999964,1.3049000000000035,1.6951,0.7595714285714052,0.8153285714286085,0.4703857142858397,0.20035714285715045,0.08537142857143465,0.22822857142857345,391.10455714285723,767.4215999999999,623.9233428571429,46.543542857142846,53.88327142857143,24.799642857142853,370.3659,776.8293,619.5366,47.2073,53.1951,23.3049,-3079.0,-161.0,5753.0,-6180.0,152.0,14724.0
1555136157.34,20.902500000000032,0.09759999999994307,8.682999999999993,2.2073000000000036,1.0,0.5,0.2996571428571997,2.139371428571394,2.3832714285713337,0.6132428571428505,0.11324285714286475,0.2282142857142837,391.8641285714286,766.6062714285713,623.452957142857,46.7439,53.7979,25.02787142857143,386.4634,753.8049,632.8293,46.9024,54.5,25.0,-2775.0,177.0,6161.0,-6468.0,536.0,15428.0
1555136157.35,5.097499999999968,12.634199999999964,1.1951999999999998,3.7073000000000036,2.0,0.4024000000000001,2.770028571428554,0.9547000000000024,2.7421571428571947,0.2003428571428572,0.05748571428571125,0.3135857142857148,391.5644714285714,764.4668999999999,621.0696857142857,47.35714285714285,53.68465714285714,24.799657142857146,407.3659,753.7073,624.1463,44.6951,55.5,24.5,-3133.0,47.0,6176.0,-6816.0,268.0,15824.0
1555136157.36,19.292699999999968,4.097499999999968,2.3903000000000247,0.8048000000000002,0.5,1.6951999999999998,5.898942857142912,1.456457142857175,3.3135857142856366,0.11324285714285764,0.0992999999999995,0.2421571428571383,394.33449999999993,763.5121999999999,618.3275285714285,47.557485714285704,53.62717142857142,24.486071428571428,412.4634,766.3415,625.3415,48.4024,53.5,24.9024,-2950.0,-45.0,6671.0,-6796.0,-7944.0,16300.0
1555136157.37,2.585399999999993,17.70729999999992,20.0,0.7927000000000035,0.4024000000000001,2.5,5.82927142857136,2.8292714285714737,4.212542857142921,0.1707428571428551,0.2857142857142847,0.1149857142857158,400.23344285714285,762.0557428571428,615.0139428571429,47.67072857142857,53.52787142857142,24.72822857142857,393.1707,770.439,622.9512,47.5976,53.0,26.5976,430.0,-220.0,8169.0,-8096.0,-7680.0,15720.0
1555136157.38,1.0,18.0,2.4145999999999503,1.316999999999993,1.1096999999999966,1.0976,5.728214285714331,2.5992999999999706,1.3135857142856366,0.4425142857142816,0.3571428571428541,0.12891428571428776,406.0627142857142,764.8850142857143,610.8014,47.841471428571424,53.24215714285714,24.843214285714282,395.7561,752.7317,602.9512,48.3903,53.4024,24.0976,-4.0,-199.0,5862.0,-6584.0,-3020.0,15256.0
1555136157.39,16.9024,4.097600000000057,4.195100000000025,1.7072999999999965,0.2072999999999965,2.0,1.9268285714285869,1.2125428571429209,1.843214285714339,0.12892857142857395,0.2578428571428617,0.08535714285714135,411.79092857142854,767.4843142857143,609.4878142857143,48.283985714285706,52.88501428571429,24.714299999999994,394.7561,770.7317,600.5366,49.7073,52.2927,23.0,-3050.0,-215.0,2868.0,-5564.0,-188.0,17048.0
1555136157.4,15.609800000000007,6.975699999999961,7.0,0.09759999999999991,0.0,0.8049,5.92682857142853,15.498257142857142,0.2717714285715829,0.17247142857142705,0.170728571428576,0.4285714285714306,413.7177571428571,768.6968571428571,607.6446,48.41291428571428,52.62717142857142,24.628942857142853,411.6585,766.6341,596.3415,48.0,52.5,25.0,-2167.0,-752.0,3773.0,-6116.0,1468.0,17056.0
1555136157.41,20.195099999999968,1.707400000000007,11.609699999999975,0.3048999999999964,0.5,2.2073,6.341457142857166,9.29617142857137,4.184671428571619,0.3135857142857148,0.1428571428571459,0.15678571428571786,419.64458571428565,753.1985999999998,607.3728285714284,48.58538571428571,52.7979,24.200371428571426,427.2683,773.6098,603.3415,48.0976,52.5,25.8049,-456.0,-1260.0,5285.0,-5204.0,2764.0,14076.0
1555136157.42,21.512200000000007,2.926900000000046,2.512200000000007,1.5122,1.3049000000000035,0.7073,4.17072857142864,1.3588857142857478,4.101042857142828,0.4721285714285628,0.2857142857142847,0.2857142857142847,413.30312857142854,762.4947714285713,611.5575,48.27179999999999,52.655042857142845,24.35715714285714,447.4634,771.9024,614.9512,47.7927,53.0,23.5976,-607.0,-605.0,5462.0,-5396.0,296.0,13288.0
1555136157.43,8.707300000000032,112.87810000000002,8.609800000000064,0.5,2.5,0.7073,1.700357142857115,14.243900000000053,2.17072857142864,0.9860714285714208,0.3292714285714311,0.0435571428571393,417.4738571428571,763.8536571428571,615.6585428571427,47.799671428571436,52.940757142857144,24.642871428571425,425.9512,774.8293,612.439,49.3049,51.6951,24.3049,-1172.0,319.0,5239.0,-6180.0,480.0,13616.0
1555136157.44,83.2926,155.8537,11.195100000000025,2.6097000000000037,1.7926999999999964,1.5975000000000001,6.013942857142865,10.655042857142917,0.7839714285714763,0.4425142857142816,0.0435571428571464,0.14285714285714235,419.17421428571424,749.609757142857,617.8292714285715,48.78574285714285,52.611485714285706,24.59931428571429,434.6585,661.9512,621.0488,48.8049,54.1951,23.5976,-1033.0,186.0,6204.0,-4140.0,-5056.0,12528.0
1555136157.45,72.58529999999996,37.56099999999992,3.0,0.20719999999999317,1.8903000000000034,0.19510000000000005,18.526128571428558,8.620214285714383,1.6132428571428363,0.22822857142856634,0.29965714285714284,0.013928571428568405,413.1602714285714,760.2647999999998,617.0453,48.34322857142857,52.56792857142857,24.742171428571428,351.3659,817.8049,632.2439,46.1952,52.4024,25.1951,1433.0,418.0,4300.0,-6332.0,-13528.0,15584.0
1555136157.46,0.390199999999993,113.3171000000001,17.707300000000032,8.50010000000001,4.097600000000007,0.30489999999999995,5.184671428571448,15.853657142857173,1.7421571428570817,0.14461428571429025,0.486071428571428,0.0992999999999995,394.6341428571428,768.8850142857143,618.6585428571427,48.115,52.86758571428571,24.7561,423.9512,780.2439,629.2439,46.40239999999999,54.2927,25.0,-1043.0,941.0,94.0,-4224.0,-12604.0,16292.0
1555136157.47,38.39029999999997,181.26830000000007,13.682900000000018,9.902500000000003,2.0,2.1098,19.871071428571387,15.170728571428526,0.9268285714285868,0.35888571428571225,0.02787142857141589,0.15678571428571786,389.44947142857137,753.031357142857,620.4006999999998,47.970385714285705,53.35365714285713,24.8554,423.561,666.9268,611.5366,54.9025,50.1951,24.6951,-2009.0,1705.0,2112.0,-8496.0,-2792.0,21120.0
1555136157.48,67.3902,15.951199999999972,28.39020000000005,1.1950999999999965,2.9025000000000034,3.1098,0.4982714285714565,2.871071428571554,4.658542857142834,1.0714142857142832,0.08537142857142044,0.0278714285714301,369.5784,768.2020857142858,621.3275285714285,47.6115,53.325785714285715,25.012185714285717,385.1707,848.1951,597.8537,45.0,52.1951,26.8049,631.0,25.0,3976.0,-5628.0,2932.0,19444.0
1555136157.49,71.87799999999999,168.39020000000005,1.6098000000000638,2.0974999999999966,0.0,1.3049,6.299642857142827,12.222999999999844,2.0731714285714133,0.0017285714285719678,0.055757142857139286,0.05748571428571481,369.08012857142853,771.0731571428572,616.6689857142858,48.68291428571428,53.41115714285714,24.984314285714284,317.7805,832.2439,626.2439,46.1951,55.0976,23.6951,1741.0,-2397.0,1375.0,-3444.0,-22176.0,11232.0
1555136157.5,94.09750000000003,104.2926,2.902500000000032,1.9998999999999896,1.0976,0.30489999999999995,7.655057142857173,22.041814285714285,0.1568000000000893,2.5714428571428627,0.8432142857142892,0.0278714285714301,362.78048571428565,783.296157142857,614.5958142857143,48.68118571428571,53.3554,25.0418,389.6585,663.8537,624.6341,48.29259999999999,55.0976,25.0,-1460.0,-413.0,-476.0,-7920.0,-19820.0,13064.0
1555136157.51,52.317000000000064,69.75609999999995,27.902500000000032,7.402399999999993,1.0,0.30489999999999995,9.257828571428547,9.094071428571283,0.059242857142749024,0.0714285714285765,0.3571428571428541,0.0714285714285694,355.12542857142853,805.3379714285713,614.4390142857143,46.10974285714285,54.19861428571429,25.013928571428572,295.561,768.1463,627.5366,46.2927,54.0,24.6951,-1804.0,1087.0,2431.0,-11096.0,-27136.0,16804.0
1555136157.52,31.97569999999996,27.902500000000032,15.097600000000057,7.304799999999993,0.9024000000000001,0.4024000000000001,7.867599999999982,25.087114285714282,3.198600000000056,0.2717714285714265,0.0278714285714301,0.5,345.8676,796.2439,614.3797714285714,46.18117142857143,54.55575714285714,24.9425,347.87800000000004,837.9024,599.6341,53.6951,53.0,25.0,3495.0,695.0,-3713.0,-4004.0,232.0,13188.0
1555136157.53,9.878100000000018,44.585399999999936,4.292700000000082,9.487900000000003,2.1952,0.9024000000000001,2.299657142857143,24.452957142857148,0.4285714285714448,0.06967142857143216,0.329271428571424,0.17072857142857245,353.7352,771.1567857142858,611.1811714285714,46.45294285714285,54.58362857142857,25.4425,379.8537,865.8049,614.7317,46.3903,53.9024,25.4024,-2820.0,441.0,1979.0,-12392.0,17288.0,20716.0
1555136157.54,49.609699999999975,36.68290000000002,13.0,8.5976,1.4025000000000034,1.8049,21.36932857142864,4.898942857142857,1.0,0.04528571428571837,0.10104285714285766,0.0156857142857163,356.0348571428571,795.6097428571429,610.7525999999998,46.383271428571426,54.25435714285714,25.27177142857143,369.9756,821.2195,610.439,36.9024,56.0976,24.5,1832.0,-1442.0,-4217.0,3996.0,14764.0,14788.0
1555136157.55,52.48779999999999,127.90250000000003,6.414700000000039,2.5974999999999895,0.597600000000007,0.8902000000000001,56.90592857142849,0.24391428571425425,1.2996571428571997,0.2282142857142801,0.2142857142857224,0.0,377.40418571428575,790.7108000000002,609.7525999999998,46.428557142857144,54.153314285714295,25.287457142857146,320.3659,784.5366,597.439,45.5,54.6951,26.3049,-666.0,-772.0,-3474.0,-7428.0,-21500.0,13544.0
1555136157.56,32.9024,178.39030000000002,17.780399999999986,0.292599999999986,2.5,3.3902,0.9024285714286292,1.8954714285714545,2.2857142857142208,0.04181428571428825,0.057485714285718366,0.2439000000000036,434.3101142857143,790.9547142857143,611.0522571428571,46.20034285714286,53.939028571428565,25.287457142857146,372.8537,656.6341,603.8537,48.09749999999999,55.2927,27.1951,286.0,-830.0,-1771.0,-5480.0,-21328.0,12616.0
1555136157.57,39.39019999999999,101.17070000000001,1.0974999999999682,1.195200000000007,0.5,1.0,6.000000000000057,15.895471428571568,0.2439000000000533,1.5557571428571464,0.2421714285714245,0.013942857142858143,435.21254285714286,789.059242857143,613.3379714285712,46.15852857142857,53.88154285714285,25.043557142857143,405.7561,835.0244,621.6341,47.8049,52.7927,23.8049,1511.0,-136.0,-4518.0,-6764.0,16468.0,14884.0
1555136157.58,301.07320000000004,105.75609999999995,11.804899999999975,5.487900000000003,1.7927000000000035,0.19510000000000005,5.17072857142864,5.825785714285757,1.7282285714285308,0.1585285714285689,0.18467142857141994,0.3153285714285694,429.2125428571428,773.1637714285713,613.5818714285714,47.714285714285715,53.63937142857142,25.029614285714285,445.1463,733.8537,620.5366,46.6097,53.2927,24.8049,-1464.0,297.0,1050.0,-12852.0,32767.0,17904.0
1555136157.59,360.0488,12.926800000000071,22.0,6.0,2.0,1.3049,6.372814285714184,23.324042857142896,0.2996428571428851,0.1428571428571317,0.5992999999999995,0.5278714285714265,434.38327142857145,778.989557142857,615.3100999999998,47.55575714285714,53.4547,24.71428571428571,746.2195,839.6098,608.7317,52.0976,51.5,25.0,471.0,-937.0,-1251.0,5248.0,14044.0,15196.0
1555136157.6,58.195100000000025,142.58540000000005,18.58540000000005,1.6951000000000036,0.9024000000000001,0.7073,51.46690000000001,16.18815714285722,0.5017428571429718,2.1271714285714296,0.4425142857142888,0.35714285714285765,440.75608571428563,802.3136,615.6097428571427,47.698614285714285,52.8554,24.18641428571428,386.1707,852.5366,630.7317,46.0976,53.5,23.6951,949.0,-90.0,-4485.0,-4036.0,-19756.0,9428.0
1555136157.61,28.585399999999993,115.36590000000001,2.6096999999999753,3.4024,1.0,0.3048000000000002,1.602800000000002,15.540057142857222,0.34494285714276884,0.04354285714286021,0.0714285714285694,0.0,492.22298571428564,786.1254428571428,616.1114857142858,49.82578571428571,52.41288571428571,24.543557142857146,327.9756,709.9512,612.1463,47.7927,54.4024,24.4024,-1567.0,1057.0,1363.0,-5832.0,-32728.0,18348.0
1555136157.62,60.9024,5.414700000000039,3.5854000000000497,4.707199999999993,2.3048,0.5975999999999999,62.33449999999999,1.6585428571428338,1.7282285714285308,0.15679999999999694,0.2857142857142847,0.0714285714285694,493.82578571428564,801.6655,616.4564285714285,49.78224285714285,52.341457142857145,24.543557142857146,356.561,825.3171,609.5366,44.3903,53.4024,24.0976,1032.0,660.0,-1435.0,-8716.0,-6120.0,15920.0
1555136157.63,348.56100000000004,98.19509999999991,19.195100000000025,13.5976,1.4025000000000034,2.8049,12.554014285714345,2.39024285714288,1.8571428571428896,0.3275285714285729,0.22822857142856634,0.35714285714285765,431.49128571428565,800.006957142857,618.1846571428571,49.62544285714285,52.62717142857144,24.614985714285712,417.4634,819.9024,605.9512,49.0975,51.0976,23.5,-3.0,-1000.0,260.0,-7508.0,13516.0,16132.0
1555136157.64,309.6585,120.92679999999996,2.195100000000025,16.390199999999993,3.097600000000007,1.5,3.142857142857167,6.285714285714334,2.3275285714287293,0.012199999999999987,0.2299571428571525,0.10104285714285766,444.0453,797.6167142857142,616.3275142857143,49.95297142857142,52.398942857142856,24.97212857142857,766.0244,721.7073,625.1463,62.6951,49.6951,26.3049,419.0,-205.0,-358.0,-7704.0,1856.0,22352.0
1555136157.65,146.48790000000002,14.63409999999999,2.1218999999999824,4.6950999999999965,0.7072999999999965,0.6951,1.069685714285697,5.024400000000128,0.9860571428570212,1.1585285714285691,0.02961428571428115,0.08537142857142754,440.9024428571428,803.9024285714287,618.6550428571429,49.94077142857142,52.16898571428571,24.871085714285712,456.3659,842.6341,622.9512,46.3049,52.7927,24.8049,532.0,-655.0,-3154.0,-3196.0,-3992.0,10968.0
1555136157.66,164.17080000000004,7.804899999999975,3.097599999999943,2.6096999999999966,1.5976,0.6951,4.0139428571428075,0.4599428571428916,2.341471428571481,0.4007000000000076,0.0278714285714301,0.4007000000000005,439.83275714285713,798.8780285714283,619.6410999999998,51.09929999999999,52.13937142857144,24.785714285714285,309.878,828.0,620.8293,51.0,53.5,25.5,-1286.0,556.0,1204.0,-1612.0,-11888.0,15356.0
1555136157.67,168.07320000000004,81.8537,10.707299999999918,0.6830000000000069,0.8903000000000034,2.5,33.88152857142853,11.233457142857104,1.8292571428571591,2.3989428571428637,0.4285714285714235,0.2439,443.8467,799.3379714285713,621.9825714285714,51.5,52.16724285714286,25.18641428571428,474.0488,835.8049,617.7317,48.3903,51.9024,26.1951,1851.0,604.0,-2105.0,-12336.0,13200.0,12588.0
1555136157.68,43.0976,36.195100000000025,12.0,4.7927000000000035,0.402399999999993,0.19510000000000005,12.229971428571446,2.7595714285713484,1.1368683772161605e-13,0.0714285714285694,0.2142857142857224,0.2421571428571454,409.9651714285714,810.5714285714283,620.1533142857143,49.101057142857144,52.59581428571428,24.94251428571428,305.9756,753.9512,628.439,47.7073,52.7927,23.6951,-1820.0,109.0,3009.0,-9196.0,-2336.0,15320.0
1555136157.69,96.4878,32.97569999999996,5.902500000000032,0.597600000000007,1.902399999999993,2.8049,7.526142857142929,2.6132428571428363,1.369342857142783,1.1132428571428576,0.5139428571428653,0.08537142857143465,397.7352,807.8118571428571,620.1533142857141,49.172485714285706,52.81010000000001,25.18467142857143,349.0732,790.1463,616.439,52.5,53.1951,23.5,975.0,854.0,-429.0,-40.0,384.0,16272.0
1555136157.7,83.29270000000002,22.78049999999996,10.0,5.99989999999999,1.402399999999993,1.7073,8.982585714285788,3.6515714285715153,0.8571428571428896,0.3588714285714332,0.02788571428571629,0.3989571428571424,405.2613428571429,805.1986142857143,618.7839714285714,50.285728571428564,52.29615714285714,25.0993,445.561,823.122,622.3415,51.90239999999999,51.2927,26.3049,-922.0,843.0,2531.0,-10444.0,20868.0,18860.0
1555136157.71,158.0976,22.975599999999986,10.609699999999975,0.9024000000000001,1.597600000000007,1.9024,4.097557142857114,7.85365714285706,2.428571428571445,0.6986142857142852,0.22822857142856634,0.15854285714285865,396.27875714285716,801.5470428571427,619.6411142857143,50.6446,52.32404285714286,24.700342857142854,528.8537,800.3415,612.3415,45.9025,52.6951,24.5976,438.0,-589.0,-445.0,-1616.0,13092.0,13000.0
1555136157.72,8.195100000000025,13.60979999999995,11.707299999999918,11.9878,4.390300000000003,1.5976,13.355400000000033,5.038328571428792,2.797900000000027,0.27178571428571274,0.08535714285714846,0.0992999999999995,400.3763142857142,809.4006999999997,617.2125428571427,51.34321428571428,52.09581428571429,24.858885714285712,370.7561,823.3171,622.9512,46.8049,54.2927,26.5,190.0,-1016.0,-1497.0,-6096.0,-20516.0,14576.0
1555136157.73,48.60970000000003,0.5366000000000213,12.487799999999993,7.890300000000003,2.1952,1.5,18.240428571428534,1.944257142857168,0.28571428571422075,0.6585285714285689,0.24389999999999645,0.40069999999999695,413.73171428571436,814.4390285714287,614.4146428571427,51.07142857142857,52.01045714285714,24.95818571428571,362.561,809.7073,611.2439,58.7927,49.9024,24.9024,-497.0,503.0,374.0,-5756.0,-20260.0,23820.0
1555136157.74,76.5122,1.3171000000000959,12.292700000000082,1.6951999999999998,0.9025000000000034,1.4024999999999999,26.299657142857146,1.2264714285713578,2.4564428571428607,0.9703714285714256,0.0992999999999995,0.21428571428571172,395.49128571428565,812.4947714285713,614.1289285714286,50.4129,52.25435714285714,24.55748571428572,411.1707,810.2439,623.7317,50.9024,52.0976,23.4024,915.0,-890.0,-2111.0,-3960.0,10492.0,9292.0
1555136157.75,107.90249999999997,16.487799999999993,14.585299999999961,2.0001000000000033,1.4025000000000034,0.6097999999999999,15.156799999999974,1.7282285714285308,2.101042857142829,0.2264857142857153,0.34147142857142404,0.2142857142857153,369.1916285714285,813.7212428571428,616.5853714285714,51.38327142857143,52.15505714285714,24.77177142857143,334.6585,808.9268,611.439,52.5976,51.1951,24.8049,-1610.0,372.0,1874.0,-4944.0,-7216.0,9984.0
1555136157.76,124.68299999999999,15.902399999999943,23.487799999999993,3.304799999999993,0.4024000000000001,0.6951,62.27874285714285,2.4390285714287074,1.2578428571429183,1.9982571428571416,0.3989571428571424,0.013928571428568405,384.34842857142854,811.9930142857143,614.4843285714286,51.60975714285714,51.813585714285715,24.55748571428571,442.561,825.4146,596.8537,50.5975,52.5976,24.1951,1707.0,1007.0,-2008.0,-12712.0,-1536.0,17648.0
1555136157.77,26.878100000000018,0.5854000000000497,9.195100000000025,5.402399999999993,1.0,2.5976,6.3135857142856935,2.5296142857141604,3.4982571428571423,0.10104285714286476,0.2857142857142847,0.2561,446.6271714285714,809.5539857142854,613.2264857142858,49.6115,52.21254285714286,24.543557142857146,317.878,809.5122,620.3415,47.2927,53.0,23.5,-1452.0,122.0,3177.0,-9372.0,2288.0,17144.0
1555136157.78,132.0976,2.2927000000000817,21.292699999999968,4.304799999999993,0.09759999999999991,1.0976,3.801400000000001,1.8118571428569796,0.7003571428572286,0.6428571428571388,0.0,0.0557428571428531,440.31358571428564,807.0243714285713,609.7282285714285,49.51045714285714,52.49825714285714,24.799657142857146,344.7561,808.9268,629.5366,52.6951,52.0,26.0976,785.0,37.0,-899.0,-1620.0,10664.0,12040.0
1555136157.79,321.6585,18.58540000000005,5.804900000000089,3.5854,0.7926999999999964,0.19510000000000005,0.2717857142857269,1.456442857142633,4.041799999999967,0.527871428571423,0.2421571428571383,0.1585428571428622,444.11498571428564,808.8362285714284,610.4285857142858,50.15331428571427,52.49825714285714,24.8554,476.8537,811.2195,608.2439,48.3903,51.9024,25.0,-1325.0,779.0,2214.0,-14204.0,13512.0,20872.0
1555136157.8,431.5366,0.09749999999996817,3.1950999999999112,5.390199999999993,1.4025000000000034,0.3902000000000001,19.240428571428534,0.1811857142857889,1.0418142857142811,0.5836285714285694,0.5992999999999995,0.013942857142851041,443.8432,807.3797857142857,614.4703857142857,49.62544285714285,52.74041428571428,25.013942857142855,798.5122,792.6341,602.439,44.8049,52.6951,24.8049,892.0,-1209.0,-615.0,5096.0,7528.0,13672.0
1555136157.81,5.707299999999975,29.07319999999993,17.097599999999943,6.902500000000003,2.9025000000000034,0.0,16.871085714285698,1.881542857142904,1.299642857142885,0.6132285714285715,0.1707285714285689,0.15679999999999694,463.0836285714285,807.1985999999998,613.4285714285714,49.04181428571428,53.33971428571428,25.027885714285713,366.9756,792.5366,599.2439,50.1951,54.0976,25.1951,229.0,-919.0,-2233.0,-6456.0,-18840.0,14052.0
1555136157.82,79.3902,6.390299999999911,8.8048,10.195200000000007,3.097600000000007,0.1097999999999999,21.86759999999998,1.5121999999998934,4.926828571428587,0.2264857142857153,0.1986142857142923,0.0278714285714301,479.9547142857142,809.0801428571428,614.7282142857142,48.42858571428571,53.51044285714285,24.871085714285712,361.2683,821.6098,616.3415,57.0976,51.1951,25.1951,-121.0,874.0,482.0,-6492.0,-19020.0,21052.0
1555136157.83,11.902499999999975,6.975599999999986,12.097499999999968,3.6950999999999965,2.902399999999993,1.7073,57.776999999999994,1.4843285714284775,3.0418142857141675,0.8135857142857148,0.057499999999997435,0.15854285714285865,458.08711428571416,807.567942857143,619.6550428571429,48.2021,53.70905714285714,24.898957142857146,440.6585,815.2195,625.1463,46.90239999999999,54.2927,25.3049,834.0,-941.0,-2079.0,-2928.0,2236.0,11824.0
1555136157.84,10.292700000000025,13.853700000000003,25.58529999999996,5.195200000000007,4.0,1.4024,62.543585714285776,13.045328571428628,15.937242857142904,0.6131857142857058,0.5714571428571418,0.2595857142857163,400.3101142857143,809.0522714285713,622.6968571428571,49.01568571428571,53.76655714285714,24.740414285714284,452.561,808.2439,613.0488,43.2073,57.1951,23.5976,-1879.0,507.0,1750.0,-1512.0,-2708.0,9116.0
1555136157.85,139.07319999999999,21.463500000000067,4.097600000000057,1.5976,0.09760000000000701,0.19510000000000005,139.0732,21.463500000000067,4.097600000000057,1.5976000000000068,0.097600000000007,0.19510000000000005,462.8537,822.0976,638.6341,48.4025,53.1951,25.0,462.8537,822.0976,638.6341,48.4025,53.1951,25.0,1896.0,498.0,-2224.0,-10880.0,16668.0,16828.0
1555136157.86,70.29269999999997,2.3903000000000247,19.0,3.6950999999999965,0.1951000000000036,1.5,70.29269999999997,2.3903000000000247,19.0,3.695100000000004,0.1951000000000036,1.5,323.7805,800.6341,642.7317,46.8049,53.2927,25.1951,323.7805,800.6341,642.7317,46.8049,53.2927,25.1951,-1868.0,-313.0,2713.0,-5804.0,-6776.0,13592.0
1555136157.87,0.0,0.0,0.0,0.0,0.0,0.0,0.0,0.0,0.0,0.0,0.0,0.0,394.0732,803.0244,623.7317,50.5,53.0976,23.6951,394.0732,803.0244,623.7317,50.5,53.0976,23.6951,1609.0,1233.0,-1711.0,-9348.0,-2624.0,16596.0
