timestamp,1d,2d,3d,4d,5d,6d,1f,2f,3f,4f,5f,6f,1,2,3,4,5,6,gx,gy,gz,ax,ay,az
1555506134.15,0.21949999999998226,8.39020000000005,0.8048999999999751,0.09749999999999659,0.5975999999999999,1.5975000000000001,372.7561,800.0,564.1463,48.6951,57.5,25.9024,372.7561,800.0,564.1463,48.6951,57.5,25.9024,418.0,120.0,400.0,5660.0,2584.0,15560.0
1555506134.16,20.804899999999975,0.0,1.195100000000025,1.4024,0.2926999999999964,0.29269999999999996,372.9756,791.6098,564.9512,48.5976,56.9024,24.3049,372.9756,791.6098,564.9512,48.5976,56.9024,24.3049,35.0,84.0,541.0,5404.0,-424.0,15964.0
1555506134.17,11.811871428571408,7.045257142857167,3.3589142857141496,2.5435714285714255,1.3171000000000035,0.1323714285714317,352.1707,791.6098,566.1463,50.0,57.1951,24.5976,352.1707,791.6098,566.1463,50.0,57.1951,24.5976,134.0,102.0,159.0,5380.0,1088.0,16264.0
1555506134.18,2.0975571428571698,1.0174285714284679,0.2438999999999396,0.7996571428571357,0.07142857142856229,0.1567857142857214,363.9825714285714,798.6550571428571,569.5052142857141,47.456428571428575,58.5122,24.72997142857143,350.4634,789.9024,583.5366,47.4024,57.5976,24.5,-296.0,-237.0,163.0,5828.0,228.0,15464.0
1555506134.19,0.6132428571427795,1.8606142857142913,1.8571428571428896,0.3728285714285775,0.1428571428571388,0.029614285714284705,361.88501428571425,799.6724857142856,569.2613142857142,48.25608571428571,58.58362857142856,24.57318571428571,371.0732,808.6341,571.8537,39.29259999999999,65.5976,25.3049,38.0,72.0,230.0,5420.0,588.0,16328.0
1555506134.2,1.4703857142857828,0.4181142857142959,1.8710857142857549,1.7578428571428546,1.3292714285714382,0.08537142857142754,362.498257142857,801.5330999999999,571.1184571428571,47.88325714285713,58.7264857142857,24.543571428571425,364.2683,805.122,571.7561,46.8049,57.6951,24.9024,-512.0,123.0,21.0,5604.0,-284.0,16072.0
1555506134.21,2.5435571428571393,0.38327142857133367,2.3275285714286156,0.15680000000000405,0.22822857142857345,0.0278714285714301,363.9686428571428,801.9512142857142,572.9895428571429,46.12541428571428,60.05575714285714,24.458199999999998,364.1707,803.7073,564.1463,51.4024,57.0976,23.5976,220.0,112.0,64.0,5732.0,380.0,16060.0
1555506134.22,2.6724714285713844,2.8850142857143055,0.2125428571428074,2.0853857142857137,0.9564571428571398,0.057500000000000995,366.51219999999995,801.5679428571428,570.6620142857142,46.28221428571428,59.827528571428566,24.486071428571428,358.0732,807.122,562.439,54.292699999999996,58.0,24.8049,-37.0,131.0,250.0,5504.0,-364.0,16132.0
1555506134.23,1.7003428571428003,1.6724714285713844,3.839714285714308,0.1149857142857158,0.05749999999999744,0.21428571428571885,363.83972857142857,798.6829285714285,570.874557142857,48.367599999999996,58.871071428571426,24.428571428571427,377.2683,804.6341,577.9512,45.98779999999999,57.9024,24.0976,-232.0,76.0,-53.0,5192.0,1504.0,15656.0
1555506134.24,0.055757142857203235,1.142857142857224,0.3275285714286156,0.5000000000000071,0.0278714285714301,0.28571428571428115,365.54007142857137,800.3553999999999,574.7142714285714,48.25261428571428,58.92857142857142,24.642857142857146,362.4634,794.5366,579.2439,37.6951,66.5,24.0,96.0,116.0,479.0,5224.0,704.0,16468.0
1555506134.25,0.8118428571428353,3.2683000000000675,2.3728285714284993,1.055742857142853,0.0435571428571464,0.1428571428571459,365.59582857142857,801.4982571428571,575.0418,47.75261428571427,58.956442857142854,24.928571428571427,368.2683,787.2195,567.2439,48.5,56.0,24.6951,276.0,64.0,493.0,5384.0,732.0,16048.0
1555506134.26,2.2020857142857153,2.39024285714288,1.05575714285726,0.10105714285714384,0.6428571428571388,0.0853714285714311,366.4076714285714,798.2299571428571,577.4146285714285,46.69687142857142,58.91288571428571,25.071428571428573,352.3659,788.439,573.3415,53.890299999999996,58.9024,24.9024,-71.0,67.0,-44.0,5612.0,304.0,16256.0
1555506134.27,0.5574857142857468,0.34147142857136714,0.930314285714303,1.6289142857142878,1.4860571428571419,0.1864142857142852,364.2055857142857,795.8397142857142,578.4703857142857,46.797928571428564,58.27002857142857,24.986057142857142,376.1707,816.8293,598.6341,46.0,58.0976,26.4024,-13.0,-233.0,-338.0,5572.0,800.0,15920.0
1555506134.28,1.6132428571428363,1.512200000000007,0.4425142857141964,7.105427357601002e-15,0.20034285714285716,0.3135857142857148,363.64809999999994,795.4982428571428,579.4007,48.42684285714285,56.78397142857143,24.799642857142857,364.561,811.7073,566.439,47.90239999999999,57.2927,25.5976,-321.0,15.0,-156.0,5528.0,1088.0,16256.0
1555506134.29,1.7003428571428572,2.0836285714285623,1.9860714285713357,0.6271857142857158,0.4442428571428607,0.057485714285714806,362.0348571428571,797.0104428571428,579.8432142857142,48.42684285714286,56.58362857142857,24.486057142857142,363.7561,784.2439,579.0488,46.9025,57.6951,25.8049,-144.0,231.0,324.0,5412.0,1384.0,16060.0
1555506134.3,1.0871000000000208,0.2996571428571997,3.1114857142856636,0.05750000000000455,0.41464285714285865,0.442499999999999,363.73519999999996,799.0940714285714,577.8571428571429,47.79965714285714,56.13938571428571,24.428571428571427,361.8537,787.9024,585.3415,46.6952,53.4024,23.5,186.0,29.0,505.0,5756.0,-368.0,15552.0
1555506134.31,0.0,1.2961714285714834,3.114985714285581,0.1864142857142781,0.4285714285714235,0.3710857142857158,362.64809999999994,798.7944142857142,574.7456571428572,47.85715714285715,55.72474285714285,23.986071428571428,358.561,792.1463,585.7561,49.0975,56.0976,22.6951,70.0,180.0,268.0,5564.0,92.0,16108.0
1555506134.32,0.9860571428571347,1.1428571428571104,0.1846714285715052,0.3414428571428516,0.5139285714285649,0.301400000000001,362.64809999999994,797.4982428571427,577.8606428571428,48.043571428571425,55.29617142857143,23.614985714285712,356.9756,797.8049,570.3415,48.5,54.5976,22.5,-100.0,196.0,-2.0,5660.0,-680.0,16304.0
1555506134.33,0.8432000000000244,1.2473857142857696,0.7421571428570815,0.06969999999999743,0.39895714285714234,0.14285714285714235,363.6341571428571,798.6410999999998,578.0453142857143,48.38501428571428,54.78224285714286,23.31358571428571,364.2683,803.0244,559.439,49.49999999999999,55.7927,24.5,-195.0,118.0,-328.0,5452.0,368.0,16500.0
1555506134.34,1.8153285714285516,2.4111571428572915,1.5435571428571393,0.2142857142857082,0.0714285714285694,0.2142857142857153,364.4773571428571,799.8884857142856,578.7874714285714,48.31531428571428,55.181200000000004,23.17072857142857,368.561,814.7317,576.8537,46.4025,55.1951,23.3049,-129.0,26.0,-129.0,5520.0,1056.0,15808.0
1555506134.35,0.682928571428647,1.1428571428571104,0.5122000000000071,0.0,0.14285714285712459,0.013942857142858145,366.29268571428565,802.2996428571429,577.2439142857143,48.10102857142857,55.109771428571435,23.385014285714284,364.561,802.6341,588.2439,49.2073,54.2927,23.0,189.0,71.0,12.0,5236.0,616.0,15920.0
1555506134.36,0.4285714285714448,0.9547000000001162,2.4738714285714423,0.2578428571428546,0.2421571428571383,0.28571428571428825,366.9756142857143,803.4425,576.7317142857142,48.10102857142857,55.25262857142856,23.398957142857142,370.6585,792.2439,580.3415,49.29259999999999,54.0976,23.6951,45.0,-70.0,283.0,5468.0,5172.0,16240.0
1555506134.37,1.7003571428571718,3.484314285714163,1.8710714285714403,0.041828571428574435,0.15680000000001115,0.0992999999999995,367.40418571428575,802.4877999999999,579.2055857142857,47.84318571428572,55.01047142857142,23.113242857142854,367.7561,796.6341,590.5366,46.207300000000004,56.1951,22.5,0.0,632.0,226.0,5300.0,-5220.0,16420.0
1555506134.38,0.912900000000036,1.6864000000000487,3.9860571428571347,0.24390000000000356,0.10104285714285055,0.0853714285714311,365.7038285714286,799.0034857142857,581.0766571428571,47.80135714285714,55.16727142857143,23.212542857142854,371.2683,809.0244,574.9512,47.5975,55.5976,24.1951,-170.0,121.0,-110.0,3844.0,3740.0,20816.0
1555506134.39,1.986057142857078,0.6271714285715007,3.0139285714285506,0.38327142857143315,0.2421571428571383,0.029614285714288258,364.79092857142854,797.3170857142857,577.0906,47.55745714285714,55.26831428571428,23.297914285714285,361.7561,805.8049,566.7561,48.5,55.5976,22.5976,-74.0,-217.0,-92.0,8028.0,-4752.0,12116.0
1555506134.4,1.3972142857143126,0.3275285714285019,3.815328571428495,0.3850142857142842,0.29964285714285666,0.057485714285711254,362.80487142857146,797.9442571428572,580.1045285714285,47.174185714285706,55.51047142857142,23.327528571428573,367.2683,796.3415,576.7561,47.6951,54.0976,22.5,-90.0,270.0,74.0,8516.0,7720.0,14740.0
1555506134.41,0.7735142857142705,0.5714285714285552,2.0696857142858107,0.1428714285714392,0.05749999999999034,0.18467142857142704,361.40765714285715,798.2717857142857,583.919857142857,47.55919999999999,55.210828571428564,23.385014285714284,356.6585,790.3415,589.9512,46.1097,56.2927,24.0,83.0,216.0,144.0,8044.0,9912.0,15324.0
1555506134.42,0.5574857142856331,1.2543571428570885,4.996514285714284,0.31532857142857296,0.11497142857142251,0.013942857142858145,360.6341428571429,798.8432142857142,585.9895428571429,47.70207142857143,55.153328571428574,23.200342857142857,358.1707,790.8293,560.3415,47.5,55.0,23.5976,267.0,936.0,-166.0,6920.0,-5888.0,14480.0
1555506134.43,0.15679999999997563,0.627171428571387,2.6968571428571977,0.11324285714286475,0.057485714285711254,0.08537142857142754,361.1916285714285,797.5888571428571,590.9860571428571,47.386742857142856,55.268299999999996,23.1864,356.7561,796.6341,601.439,46.6097,55.7927,23.9024,171.0,645.0,-310.0,3888.0,-3032.0,17120.0
1555506134.44,2.331014285714275,2.710800000000063,0.4285714285713311,0.35541428571429634,0.12718571428570868,0.08537142857142754,361.03482857142853,798.2160285714285,593.6829142857143,47.27349999999999,55.32578571428571,23.271771428571427,357.9756,798.9268,617.2439,48.9024,54.0976,22.9024,-172.0,22.0,-371.0,7096.0,-1144.0,15924.0
1555506134.45,1.3553999999999746,1.7421571428569678,8.686400000000049,0.1863999999999919,0.20034285714286426,0.17074285714285864,363.3658428571428,800.9268285714286,594.1114857142857,47.62891428571429,55.1986,23.1864,365.8537,813.0244,589.439,48.5976,55.1951,22.9024,-246.0,-82.0,-121.0,2548.0,-400.0,20604.0
1555506134.46,2.501742857142915,0.7316999999999325,2.599299999999971,0.06968571428571124,0.0992999999999995,0.14285714285714235,364.7212428571428,802.6689857142856,602.7978857142857,47.81531428571428,54.998257142857135,23.01565714285714,365.6585,797.0244,601.7317,46.292699999999996,56.4024,22.5,-239.0,-103.0,-85.0,4216.0,1044.0,16236.0
1555506134.47,0.18467142857144836,2.0,9.68641428571425,0.14459999999999695,0.12891428571428065,0.11324285714285764,367.2229857142857,801.9372857142856,605.3971857142857,47.88499999999999,54.898957142857135,22.872799999999998,366.1707,800.7317,595.6341,46.9024,54.5,23.0976,-16.0,284.0,14.0,4280.0,4776.0,17228.0
1555506134.48,0.18467142857144836,3.7142857142856656,4.069685714285811,0.09931428571428569,0.08535714285713425,0.013928571428571956,367.40765714285715,799.9372857142856,595.7107714285714,47.740399999999994,55.027871428571416,22.986042857142856,372.9756,809.3171,592.9512,48.5976,55.4024,23.4024,-1.0,977.0,134.0,4056.0,4428.0,17512.0
1555506134.49,0.728214285714273,0.8431999999999107,4.996514285714284,0.11497142857143672,0.2578285714285684,0.15680000000000405,367.2229857142857,796.223,591.6410857142856,47.64108571428571,54.94251428571428,22.972114285714284,367.6585,803.0244,621.1463,48.8048,53.5976,22.4024,-73.0,-51.0,167.0,2400.0,-3664.0,17940.0
1555506134.5,0.6167142857143517,0.7456428571429115,1.3135857142857503,0.11497142857142961,0.12891428571428776,0.041814285714284694,366.4947714285714,795.3798,586.6445714285713,47.756057142857145,54.68468571428571,23.128914285714288,374.2683,791.5122,619.6341,47.0975,55.0976,22.9024,100.0,156.0,11.0,176.0,-7520.0,18404.0
1555506134.51,2.257842857142805,5.386757142857164,2.1568000000000893,0.2421428571428521,0.2578285714285755,0.0714285714285694,365.8780571428571,794.6341571428571,585.3309857142856,47.641085714285715,54.8136,23.087100000000003,359.2683,784.9268,549.439,47.89019999999999,55.0,23.6951,-116.0,-372.0,150.0,10588.0,5012.0,12112.0
1555506134.52,1.027871428571416,0.31358571428563664,2.6132285714286354,0.01394285714285104,0.0992999999999924,0.11324285714285764,363.62021428571427,789.2474,587.4877857142857,47.88322857142857,54.555771428571425,23.158528571428572,364.561,787.0244,560.9512,47.9024,54.5976,22.8049,-285.0,1519.0,-329.0,556.0,-6512.0,20756.0
1555506134.53,1.529614285714274,2.1602714285713773,4.801400000000058,0.013957142857144333,0.02788571428571629,0.043542857142860214,362.59234285714285,789.5609857142856,584.874557142857,47.89717142857142,54.65507142857142,23.27177142857143,360.561,791.122,566.7561,47.0975,54.5976,23.5976,-132.0,855.0,208.0,5332.0,3840.0,15316.0
1555506134.54,1.627171428571387,3.498257142857142,4.073171428571413,6.315342857142859,0.07142857142858361,0.0435571428571393,361.0627285714286,791.721257142857,589.6759571428571,47.91112857142856,54.6271857142857,23.22822857142857,361.8537,795.5122,586.439,46.0976,55.4024,22.8049,-13.0,1366.0,-104.0,5484.0,8620.0,12172.0
1555506134.55,0.6306571428571601,2.4459857142858255,9.013942857142865,0.029614285714281152,0.057485714285711254,0.029614285714288258,362.68989999999997,795.2195142857141,593.7491285714285,54.22647142857142,54.698614285714285,23.27178571428571,357.1707,771.6098,608.0488,50.29259999999999,53.5976,23.9024,-402.0,956.0,312.0,4100.0,3444.0,17896.0
1555506134.56,0.5017428571428582,0.14632857142851208,5.797914285714228,0.013928571428571956,0.15678571428571075,0.1567857142857214,363.3205571428571,797.6655,602.7630714285714,54.19685714285714,54.756099999999996,23.24217142857142,360.4634,805.2195,602.8537,48.90239999999999,54.2927,23.1951,-162.0,793.0,127.0,4116.0,6600.0,16860.0
1555506134.57,2.017414285714324,0.6132428571428363,1.3135857142857503,0.20035714285714334,0.013942857142858145,0.15678571428571786,363.8223,797.8118285714285,608.5609857142856,54.18292857142857,54.91288571428571,23.398957142857142,363.561,806.6341,653.2439,47.1952,54.9024,22.5976,-207.0,1074.0,-84.0,1312.0,1488.0,14216.0
1555506134.58,1.400699999999972,4.843200000000024,5.58537142857142,0.21252857142857096,0.170728571428576,0.029614285714288258,365.8397142857143,798.4250714285713,609.8745714285714,53.982571428571426,54.926828571428565,23.55574285714286,370.6585,809.4146,577.9512,92.0976,55.5,24.0,-152.0,1512.0,41.0,5732.0,1164.0,15140.0
1555506134.59,2.6864142857143065,0.8292714285714737,1.3170857142856676,0.0435571428571393,0.1149857142857158,0.013928571428575509,367.2404142857143,803.2682714285713,604.2891999999999,53.770042857142855,55.09755714285714,23.526128571428572,368.9756,804.1463,624.0488,47.6951,55.0,22.5976,6.0,2030.0,105.0,4372.0,-2644.0,14952.0
1555506134.6,0.10104285714288608,0.22995714285707436,7.184671428571505,0.31531428571427256,0.043542857142860214,0.12891428571428776,369.9268285714286,802.4389999999999,602.9721142857143,53.726485714285715,55.21254285714286,23.512199999999996,364.0732,792.1463,607.3415,47.0,55.6951,24.6951,-103.0,1821.0,188.0,5648.0,2796.0,15824.0
1555506134.61,1.142857142857224,2.327514285714301,1.2264857142857863,6.184671428571427,0.0992999999999995,0.14285714285714235,369.8257857142857,802.2090428571428,595.7874428571428,54.04179999999999,55.169,23.641114285714284,375.9756,799.8049,595.6341,44.6951,55.5,23.9024,-118.0,1547.0,160.0,5600.0,-1620.0,17320.0
1555506134.62,2.0313571428570754,1.9303142857141893,4.456442857142861,0.0278714285714301,0.0714285714285765,0.2857142857142847,368.6829285714285,799.8815285714285,597.0139285714286,47.85712857142856,55.268299999999996,23.498257142857142,366.9756,805.5122,568.9512,48.804899999999996,54.7927,23.6951,-202.0,1632.0,42.0,5860.0,428.0,15552.0
1555506134.63,0.33101428571427505,0.4111571428570642,2.0278714285715296,0.043542857142860214,0.15678571428571075,0.15678571428571075,366.6515714285714,797.9512142857143,592.5574857142857,47.88499999999999,55.33972857142857,23.783971428571427,379.2683,799.4146,593.6341,48.5975,55.0976,23.0976,-286.0,1701.0,8.0,4412.0,1152.0,15524.0
1555506134.64,2.9721285714285273,1.4424999999999955,3.3972000000001117,0.329271428571424,0.17247142857142705,0.12891428571428776,366.3205571428571,798.3623714285714,594.5853571428572,47.92854285714285,55.18294285714286,23.627185714285716,362.8537,805.0244,602.9512,49.4024,54.5976,23.5,-56.0,2012.0,60.0,5128.0,340.0,15528.0
1555506134.65,0.9024428571429439,0.10452857142854555,5.655057142857231,0.17248571428570614,0.0714285714285694,0.1010428571428541,363.3484285714286,799.8048714285713,591.1881571428571,48.257814285714275,55.010471428571435,23.498271428571428,362.6585,793.122,586.5366,48.8049,56.1951,23.0,-186.0,2537.0,100.0,4604.0,-1712.0,15916.0
1555506134.66,3.1986142857142568,2.097557142857113,0.14285714285722406,1.4285714279083095e-05,0.057485714285711254,0.057500000000000995,362.44598571428565,799.9093999999999,596.8432142857143,48.08532857142857,55.081900000000005,23.599314285714282,354.7561,790.6341,592.8537,47.89019999999999,55.5,24.5976,-150.0,1904.0,0.0,4528.0,704.0,17248.0
1555506134.67,0.7700428571428688,2.599299999999971,3.299642857142885,0.027885714285709184,0.013942857142858145,0.02787142857142655,359.2473714285714,797.8118428571428,596.7003571428571,48.08534285714285,55.139385714285716,23.54181428571428,361.7561,795.0244,621.5366,47.3048,54.5976,23.5976,44.0,2557.0,172.0,4100.0,-1848.0,16368.0
1555506134.68,1.3553999999999746,0.45994285714277794,1.4982571428570282,0.0714285714285694,0.20034285714285716,0.18641428571428165,358.47732857142853,795.2125428571428,593.4007142857142,48.11322857142856,55.12544285714286,23.513942857142855,355.1707,809.9024,571.8537,46.99999999999999,54.2927,23.0,-228.0,2182.0,-12.0,4820.0,-1192.0,15540.0
1555506134.69,0.7142857142857224,1.2264857142856727,3.972128571428698,0.0992857142857062,0.013942857142858145,0.2857142857142847,357.12192857142855,794.7526,591.9024571428572,48.04179999999999,54.9251,23.700357142857136,360.6585,806.2439,608.5366,47.59749999999999,55.2927,24.4024,-375.0,2272.0,-233.0,2940.0,1744.0,16260.0
1555506134.7,0.31707142857146664,1.1149857142855808,4.069685714285697,0.42682857142856534,0.2142857142857153,0.18467142857142704,357.8362142857143,795.9790857142857,587.9303285714285,47.94251428571428,54.91115714285714,23.41464285714285,356.878,784.7317,592.6341,48.5976,55.5,22.6951,64.0,1818.0,100.0,4144.0,5648.0,15900.0
1555506134.71,0.9268285714285298,1.8675857142856103,0.8885142857142228,0.1707285714285689,0.2142857142857153,0.15680000000000405,358.15328571428574,797.0940714285713,583.8606428571428,48.36934285714285,54.69687142857143,23.229971428571424,357.4634,786.8293,579.8537,49.5976,54.5,23.3049,-214.0,2627.0,-232.0,3392.0,-1100.0,14892.0
1555506134.72,1.2996571428571428,1.8745571428571566,2.069685714285697,0.057485714285711254,0.027871428571437207,0.057485714285714806,359.0801142857143,795.2264857142857,582.9721285714286,48.19861428571428,54.91115714285714,23.38677142857143,353.1707,789.9024,576.0488,48.304899999999996,54.7927,24.3049,-408.0,2919.0,159.0,5280.0,-4236.0,14300.0
1555506134.73,0.8257857142857006,1.2264857142856727,1.1010571428570302,0.28398571428571273,0.24389999999999645,0.029614285714284705,360.3797714285714,793.3519285714285,580.9024428571429,48.14112857142857,54.883285714285705,23.329285714285714,359.7561,799.2195,565.0488,47.1952,55.4024,22.5976,-398.0,2581.0,267.0,4200.0,4736.0,16180.0
1555506134.74,1.2857142857142208,1.240414285714337,3.188157142857108,8.170742857142862,8.442514285714282,0.0714285714285694,361.2055571428571,794.5784142857142,582.0034999999999,47.857142857142854,54.63938571428571,23.3589,363.9756,802.8293,593.0488,50.29259999999999,53.0976,22.3049,-28.0,1944.0,181.0,6292.0,2380.0,17076.0
1555506134.75,0.4425142857142532,2.9756142857143004,3.700342857142914,0.12892857142856684,0.142857142857153,0.1271714285714296,362.49127142857134,795.8188285714285,578.8153428571428,39.68639999999999,63.08189999999999,23.430328571428568,361.6585,796.8293,565.6341,45.804899999999996,55.7927,24.0976,-133.0,2408.0,-86.0,4972.0,-2144.0,15160.0
1555506134.76,0.8432000000000812,0.04181428571428114,0.38675714285705,0.08535714285714135,0.08537142857142044,0.29964285714285666,362.9337857142856,798.7944428571428,582.5156857142857,39.557471428571425,63.22475714285714,23.557499999999997,369.7561,793.122,594.0488,47.1951,55.0976,24.0,-419.0,2445.0,198.0,5352.0,4836.0,14340.0
1555506134.77,0.05575714285714639,2.529614285714274,2.1707285714285263,0.2857142857142847,0.3571428571428612,0.1271714285714296,363.7769857142857,798.7526285714285,582.9024428571428,39.642828571428566,63.310128571428564,23.857142857142854,362.6585,793.3171,600.3415,46.6097,53.7927,22.9024,-399.0,3175.0,101.0,4384.0,-1064.0,14808.0
1555506134.78,1.5156857142857803,1.3867571428571637,1.2578428571428049,0.18467142857142704,0.055757142857139286,0.25609999999999644,363.8327428571428,796.2230142857143,580.7317142857142,39.35711428571428,63.667271428571425,23.984314285714284,366.4634,795.5122,557.5366,-7.5976,113.5976,23.8049,-186.0,2836.0,271.0,2360.0,1224.0,17860.0
1555506134.79,0.7142857142857792,1.8257714285714428,0.9721285714285841,0.15505714285713879,0.0435571428571393,0.0992999999999995,365.3484285714286,794.8362571428571,581.989557142857,39.54178571428571,63.611514285714286,23.728214285714287,356.2683,810.7317,601.9512,47.40239999999999,55.7927,25.1951,-223.0,2580.0,188.0,4484.0,-260.0,16936.0
1555506134.8,0.27178571428572695,1.156785714285661,8.271785714285556,0.1707428571428551,0.20034285714285005,0.05749999999999389,364.6341428571428,796.6620285714286,581.0174285714285,39.38672857142857,63.567957142857146,23.827514285714287,365.6585,798.9268,567.7561,47.792699999999996,56.0,24.6951,-164.0,2537.0,84.0,5788.0,272.0,16368.0
1555506134.81,0.48431428571433344,0.2717714285714692,4.0313571428570185,7.970385714285712,8.285714285714278,0.05574285714285665,364.90592857142855,797.8188142857142,572.7456428571429,39.557471428571425,63.768299999999996,23.88501428571428,364.3659,785.122,577.8537,48.29259999999999,55.5976,23.1951,-165.0,2498.0,-58.0,4584.0,-1488.0,16464.0
1555506134.82,0.47038571428572595,1.7142857142857792,4.599299999999971,0.1986142857142852,0.18467142857144125,0.41288571428571075,364.4216142857142,798.0905857142857,576.7769999999999,47.52785714285714,55.48258571428572,23.940757142857137,372.2683,787.122,574.439,47.0976,55.4024,22.3049,-213.0,2769.0,-38.0,5100.0,3092.0,15992.0
1555506134.83,0.9268285714285867,0.20209999999997308,4.682928571428533,0.170728571428576,0.1149857142857158,0.24215714285714185,364.89199999999994,796.3762999999999,572.1777,47.72647142857142,55.29791428571428,23.527871428571427,364.7561,805.9024,587.2439,46.1097,54.7927,24.6951,-43.0,3064.0,-190.0,3792.0,2872.0,17408.0
1555506134.84,0.6585428571428338,0.13938571428570867,1.5575000000000045,0.18465714285714085,0.0278714285714301,0.27178571428571274,363.96517142857135,796.5783999999999,576.8606285714285,47.555742857142846,55.18292857142856,23.285714285714285,364.561,801.4146,542.439,47.8049,55.1951,23.3049,-210.0,3000.0,4.0,4300.0,344.0,17160.0
1555506134.85,0.5574857142856899,0.9268428571427876,0.2996571428571997,0.29964285714286376,0.057485714285711254,0.2561,363.3066285714285,796.4390142857142,575.3031285714285,47.371085714285705,55.21079999999999,23.557499999999997,363.0732,797.4146,585.7561,48.1951,55.5976,24.1951,-13.0,3209.0,-71.0,4588.0,80.0,17152.0
1555506134.86,0.18815714285716467,1.7003428571428003,1.0139428571428653,0.1271857142857158,0.057485714285711254,0.2561,362.74914285714283,795.5121714285714,575.6027857142857,47.67072857142857,55.15331428571428,23.813599999999997,359.561,798.7317,569.7561,48.792699999999996,54.5,22.3049,-94.0,3031.0,-149.0,4884.0,1164.0,16204.0
1555506134.87,6.2264857142857295,1.372828571428613,2.888499999999908,0.0836142857142832,0.0435571428571464,0.10104285714286121,362.9373,793.8118285714286,576.6167285714286,47.797914285714285,55.21079999999999,23.557499999999997,359.1707,800.3415,600.5366,46.5976,55.1951,23.0,-61.0,2869.0,-330.0,5528.0,276.0,14796.0
1555506134.88,5.930314285714303,1.4843285714285912,1.3693428571428967,0.05749999999999744,0.1707428571428551,0.4564428571428536,356.71081428571426,795.1846571428572,579.5052285714285,47.88152857142857,55.25435714285714,23.456457142857136,359.7561,784.1463,566.9512,46.99999999999999,55.7927,25.0976,-96.0,3124.0,-475.0,2792.0,-4152.0,15464.0
1555506134.89,5.456442857142861,0.1811857142856752,0.9686428571428678,0.198599999999999,0.4564428571428536,0.22821428571428726,350.78049999999996,796.6689857142858,580.8745714285714,47.939028571428565,55.08361428571428,23.000014285714283,368.3659,780.6341,576.5366,49.1951,55.0,24.0976,-117.0,3774.0,-193.0,876.0,-5008.0,14096.0
1555506134.9,5.885014285714249,0.1881571428573352,2.111499999999978,0.4128857142857072,0.17247142857143416,0.0435571428571393,345.3240571428571,796.8501714285715,581.8432142857142,47.740428571428566,55.54005714285714,23.22822857142857,366.0732,794.0,594.3415,47.0,55.1951,22.9024,-73.0,4128.0,484.0,1152.0,1204.0,16624.0
1555506134.91,4.797914285714285,1.7561000000000604,5.540071428571423,0.22822857142857345,0.08537142857144175,0.31360000000000454,339.43904285714285,796.6620142857141,579.7317142857142,48.15331428571427,55.71252857142857,23.18467142857143,320.9756,811.0244,562.6585,48.39019999999999,55.5,22.5976,-38.0,3857.0,615.0,3932.0,1124.0,17736.0
1555506134.92,6.285714285714278,0.6411285714286805,5.299642857142771,0.4564428571428607,0.3571428571428683,0.12892857142856684,334.64112857142857,798.4181142857142,585.2717857142857,48.38154285714285,55.62715714285713,22.871071428571426,321.561,807.8049,595.3415,48.5976,54.4024,21.0,241.0,3107.0,2.0,7744.0,1816.0,15484.0
1555506134.93,2.843214285714282,0.5226428571429551,6.4843285714284775,0.1864142857142781,0.34321428571428925,0.04354285714286377,328.3554142857143,799.0592428571429,590.5714285714284,47.925099999999986,55.9843,22.74214285714286,321.3659,800.0,576.5366,47.4025,57.6951,23.9024,-445.0,4971.0,-317.0,-2140.0,-10096.0,16068.0
1555506134.94,0.10104285714288608,0.7735142857142137,4.554014285714288,0.22648571428570818,0.01394285714285104,0.0,325.5122,798.5365999999999,584.0871,47.73868571428571,56.32751428571429,22.698599999999995,317.9756,799.0244,585.7561,49.48779999999999,56.4024,22.6951,-675.0,4352.0,401.0,3428.0,5796.0,19672.0
1555506134.95,0.12892857142855974,0.3693428571428967,0.7421571428571951,0.2299714285714316,0.2857142857142847,0.48605714285714186,325.4111571428571,797.7630857142857,588.6411142857143,47.5122,56.34145714285714,22.698599999999995,326.1707,796.439,605.7317,48.5976,55.1951,22.9024,137.0,2869.0,495.0,10080.0,7816.0,13892.0
1555506134.96,0.08709999999996398,0.04181428571428114,0.38327142857144736,0.1707428571428551,0.2142857142857082,0.15678571428571075,325.28222857142856,797.3937428571428,589.3832714285714,47.28222857142857,56.62717142857142,23.184657142857137,324.3659,785.122,613.6341,46.0,57.5,23.1951,-136.0,5382.0,-506.0,-4180.0,-8232.0,17204.0
1555506134.97,0.3135857142856935,0.7735142857143273,0.3588857142856341,0.10104285714285055,0.12891428571428776,0.0,325.3693285714285,797.3519285714285,589.0,47.11148571428571,56.412885714285714,23.027871428571427,346.1707,790.3415,548.9512,45.6951,57.5976,22.5976,-657.0,4296.0,986.0,5656.0,12476.0,18256.0
1555506134.98,0.6863999999999919,1.5818857142857041,4.229971428571275,0.05748571428571836,0.05749999999999744,0.07142857142857295,325.05574285714283,798.1254428571428,588.6411142857144,47.212528571428564,56.28397142857143,23.027871428571427,320.2683,805.6098,594.5366,46.8048,55.5976,22.5976,463.0,3120.0,384.0,4480.0,-6932.0,12768.0
1555506134.99,1.2857142857142776,0.6550428571429165,6.871071428571327,0.0,0.10104285714285055,0.041814285714288246,324.36934285714284,799.7073285714285,592.8710857142856,47.27001428571428,56.341471428571424,23.0993,320.6585,805.2195,600.5366,46.98779999999999,56.4024,24.4024,-464.0,6343.0,76.0,-4028.0,-8388.0,23488.0
1555506135.0,3.257828571428604,0.20210000000008677,2.9547000000000025,0.5714285714285694,0.37108571428571935,0.15678571428571075,323.08362857142856,800.3623714285715,586.0000142857143,47.27001428571428,56.24042857142857,23.05748571428571,321.9756,799.7073,573.8537,46.207300000000004,56.1951,22.8049,-305.0,2794.0,690.0,11644.0,9760.0,9832.0
1555506135.01,2.8153285714286085,2.05575714285726,6.512200000000007,0.25609999999999644,0.0992999999999995,0.2003428571428607,319.82579999999996,800.1602714285714,588.9547142857143,47.84144285714285,55.869342857142854,23.214271428571422,315.7805,804.439,583.2439,50.1951,55.5,22.6951,-318.0,6108.0,-749.0,-5640.0,-5944.0,21600.0
1555506135.02,4.714285714285722,0.34145714285705253,2.512200000000007,0.06968571428571835,0.0714285714285694,0.25782857142857196,322.64112857142857,798.1045142857141,582.4425142857143,48.09754285714285,55.968642857142854,23.414614285714283,321.3659,807.5122,635.3415,49.0,55.5976,23.4024,-495.0,3734.0,492.0,6060.0,6560.0,13656.0
1555506135.03,3.36934285714284,1.0453000000001111,6.4250857142857285,0.001728571428557757,0.10104285714285766,0.08711428571428215,327.3554142857143,797.7630571428571,579.9303142857143,48.02785714285713,55.897214285714284,23.15678571428571,315.3659,789.7073,565.5366,45.99999999999999,56.7927,22.9024,-346.0,5486.0,-127.0,1232.0,-160.0,19112.0
1555506135.04,5.3135857142856935,0.22995714285718805,0.7700285714284973,0.18467142857143415,0.029614285714281152,0.22997142857142805,330.72475714285713,798.8083571428572,586.3554,48.02612857142857,55.99825714285714,23.06967142857143,323.3659,788.9268,569.6341,49.6951,55.0,23.6951,-35.0,4156.0,485.0,2288.0,-1576.0,11804.0
1555506135.05,4.073157142857156,1.6724714285716118,6.6550571428571175,0.20035714285714334,0.0714285714285765,0.041814285714284694,336.0383428571428,798.5784,587.1254285714285,47.84145714285714,55.96864285714286,23.299642857142857,339.9756,791.2195,548.9512,48.59749999999999,56.2927,24.0,-377.0,5569.0,473.0,4392.0,4672.0,19208.0
1555506135.06,5.815328571428552,0.19511428571411216,3.6306571428571033,1.7578428571428546,1.9146285714285725,0.027885714285712737,340.1115,796.9059285714284,580.4703714285714,47.641099999999994,55.897214285714284,23.34145714285714,353.6585,802.8293,582.9512,46.5,55.9024,22.5976,-254.0,5111.0,-60.0,-1764.0,-4116.0,15552.0
1555506135.07,3.6132285714285786,0.47385714285724134,0.3867714285713646,0.5,0.1428571428571459,0.14285714285714235,345.92682857142853,796.7108142857143,584.1010285714285,45.88325714285714,57.81184285714286,23.369342857142854,345.561,807.0244,618.8293,46.1952,56.9024,22.1951,-452.0,4430.0,264.0,4816.0,5696.0,14488.0
1555506135.08,1.940771428571395,0.18815714285710783,2.0278714285715296,0.013928571428571956,0.2142857142857153,0.1289142857142842,349.5400571428571,796.236957142857,584.4877999999999,45.38325714285714,57.9547,23.22648571428571,352.9756,802.8293,588.6341,48.90239999999999,55.2927,24.3049,-423.0,5721.0,-251.0,-1188.0,1584.0,19476.0
1555506135.09,0.44249999999999545,0.17421428571424258,4.58537142857142,0.2857142857142847,0.2421714285714316,0.31532857142857296,351.4808285714285,796.4251142857141,586.5156714285714,45.36932857142857,57.74041428571429,23.097571428571428,349.878,795.8049,588.7561,47.5975,55.0976,23.6951,-287.0,4837.0,-193.0,2036.0,-6120.0,14600.0
1555506135.1,1.059228571428605,0.8431999999999107,0.540071428571423,0.5156714285714301,0.31532857142857296,0.04355714285714285,351.0383285714285,796.2508999999999,591.1010428571428,45.08361428571428,57.98258571428572,23.4129,356.0732,788.3415,590.9512,33.6951,70.1951,23.0976,-356.0,4659.0,341.0,2856.0,2300.0,13240.0
1555506135.11,0.8013857142856864,2.0557571428571464,1.3449571428570835,0.12892857142857395,0.0714285714285694,0.27178571428571274,352.0975571428571,795.4077,590.5609714285714,45.59928571428571,57.667257142857146,23.456457142857143,348.6585,785.6098,572.3415,46.1951,56.0,22.6951,-315.0,5658.0,413.0,908.0,4752.0,19492.0
1555506135.12,1.1114999999999213,1.72821428571433,1.5435571428570256,0.05748571428571836,0.2142857142857153,0.09930000000000305,351.2961714285714,793.3519428571428,591.9059285714285,45.72821428571429,57.59582857142858,23.18467142857143,353.561,792.5366,563.1463,48.49999999999999,54.7927,23.0976,-345.0,5283.0,-136.0,1256.0,-6408.0,19228.0
1555506135.13,2.3449571428570835,3.651557142856973,3.0871000000000777,1.8867571428571495,2.0574857142857255,0.0,352.40767142857135,795.0801571428572,590.3623714285715,45.67072857142857,57.81011428571429,23.085371428571428,350.561,801.6098,615.0488,44.5,57.5976,24.8049,-381.0,5018.0,-195.0,1808.0,-5856.0,14708.0
1555506135.14,1.369328571428582,2.94772857142857,5.756085714285746,0.07142857142856229,0.0,0.04355714285714285,350.06271428571426,798.7317142857141,587.2752714285714,47.55748571428572,55.752628571428566,23.085371428571428,352.9756,801.122,615.0488,49.8049,54.6951,22.5,-488.0,5100.0,193.0,2976.0,6532.0,13032.0
1555506135.15,2.1289285714285597,0.22997142857138897,3.5575000000000045,0.15678571428571075,0.0714285714285765,0.07142857142857295,348.6933857142857,801.6794428571427,593.0313571428571,47.62891428571428,55.752628571428566,23.12892857142857,347.3659,788.439,598.0488,49.804899999999996,54.7927,22.4024,-392.0,5489.0,55.0,3836.0,10744.0,15056.0
1555506135.16,1.027871428571416,1.2961714285713697,0.5156857142857234,0.22821428571428726,0.11498571428570159,0.18641428571428875,346.5644571428571,801.4494714285713,596.5888571428571,47.78569999999999,55.68119999999999,23.200357142857143,357.6585,807.9024,577.9512,47.1951,56.5976,23.0,-269.0,5959.0,-230.0,600.0,1924.0,17816.0
1555506135.17,0.29965714285714284,4.2578428571429185,0.18467142857139152,0.10105714285714384,0.08535714285714846,0.013942857142854592,345.5365857142857,800.1533,596.0731714285714,48.01391428571428,55.56621428571429,23.013942857142855,339.6585,813.9024,569.3415,46.90239999999999,55.7927,23.0976,-582.0,6317.0,-298.0,-1380.0,-5616.0,20156.0
1555506135.18,0.48431428571421975,20.174214285714243,1.668985714285668,0.2578428571428617,0.17247142857143416,0.1846714285714306,345.83624285714285,795.895457142857,596.2578428571428,47.912857142857135,55.48085714285714,23.02788571428571,339.0732,806.2439,612.6341,46.6951,56.0,23.0,-483.0,6033.0,-26.0,-3796.0,-12600.0,22504.0
1555506135.19,0.49825714285714184,2.1393714285712804,6.6550571428571175,0.20034285714285716,0.2578285714285755,0.0,346.32055714285707,775.7212428571428,597.9268285714285,47.65501428571427,55.653328571428574,23.21255714285714,338.6585,790.9268,588.0488,49.59749999999999,54.2927,23.5976,-160.0,5832.0,173.0,-4528.0,-14296.0,21384.0
1555506135.2,0.8571428571428896,6.000000000000227,8.885014285714306,0.22822857142857345,0.11324285714287186,0.2282142857142837,345.8222999999999,773.5818714285715,604.5818857142856,47.454671428571416,55.91115714285715,23.21255714285714,343.3659,792.5366,611.439,46.09749999999999,56.7927,23.5,-1.0,5275.0,606.0,-1052.0,9804.0,18272.0
1555506135.21,0.9721142857143263,5.658542857142834,5.285714285714448,0.22822857142858055,0.08537142857142754,0.22822857142857345,346.6794428571428,767.5818714285713,613.4668999999999,47.68289999999999,55.79791428571428,23.440771428571423,355.0732,771.3171,616.3415,49.0975,54.0976,22.5976,-237.0,5157.0,712.0,-1988.0,11524.0,16828.0
1555506135.22,0.5156857142856666,19.853657142857173,8.198599999999942,0.6132285714285786,0.3571428571428612,0.027885714285712737,347.65155714285714,761.9233285714284,618.7526142857143,47.91112857142857,55.71254285714285,23.668999999999997,350.7561,647.2195,609.7317,48.0,56.0,23.6951,-359.0,5541.0,267.0,-404.0,6160.0,14476.0
1555506135.23,0.5156714285714088,1.3728285714283857,6.61324285714295,0.1707428571428551,0.32752857142857295,0.0,348.1672428571428,742.0696714285713,626.9512142857143,47.29789999999999,56.06968571428571,23.641114285714284,354.1707,792.9268,624.5366,45.792699999999996,58.4024,23.0,-298.0,5221.0,501.0,-856.0,8560.0,14944.0
1555506135.24,0.9163857142856955,4.466900000000123,3.728228571428531,0.44249999999999545,0.3571428571428612,0.057485714285714806,348.6829142857142,740.6968428571429,620.3379714285713,47.46864285714285,55.74215714285714,23.641114285714284,345.6585,771.9024,631.5366,48.5,55.0,24.6951,-306.0,5619.0,45.0,-2600.0,5520.0,16756.0
1555506135.25,0.2578428571428617,1.6167285714285526,8.954700000000003,0.2142857142857082,0.1428571428571459,0.0557428571428602,347.7665285714285,736.2299428571428,616.6097428571428,47.02614285714285,56.0993,23.6986,345.878,766.6341,649.6341,48.292699999999996,55.4024,24.5976,-365.0,5648.0,225.0,-5484.0,2232.0,18600.0
1555506135.26,0.05575714285714639,19.90939999999989,10.954700000000003,0.35888571428571936,0.3728142857142913,0.057485714285714806,348.0243714285714,737.8466714285713,607.6550428571428,47.24042857142856,55.956442857142854,23.64285714285714,342.2683,651.9512,645.439,45.304899999999996,56.7927,23.4024,-55.0,6013.0,29.0,-4816.0,-2408.0,21652.0
1555506135.27,0.5017428571428582,16.29267142857134,2.641114285714252,0.1585285714285689,0.20034285714285716,0.1707285714285689,348.08012857142853,717.9372714285714,596.7003428571428,47.59931428571428,55.58362857142856,23.585371428571424,346.9756,782.9268,565.1463,47.292699999999996,54.5,23.5,-163.0,6243.0,253.0,-4588.0,-8232.0,22064.0
1555506135.28,0.0278857142857305,3.9303142857141893,7.5121857142856925,0.0,0.2142857142857224,0.0853714285714311,348.5818714285714,701.6446000000001,594.0592285714285,47.44078571428571,55.78397142857142,23.414642857142855,348.6585,740.0488,590.2439,46.0,56.5976,23.0,-290.0,6265.0,319.0,-2820.0,-9932.0,18772.0
1555506135.29,2.8850142857142487,20.79442857142851,8.327528571428616,0.2264857142857153,0.1986142857142852,0.2857142857142847,348.6097571428571,705.5749142857143,586.5470428571429,47.44078571428571,55.99825714285714,23.329271428571424,352.561,658.5366,547.0488,49.5,55.0,23.3049,-204.0,6970.0,291.0,1908.0,-18460.0,16332.0
1555506135.3,0.07317142857141334,2.125442857142957,1.9442428571428536,0.0870999999999924,0.18467142857142704,0.0714285714285694,351.49477142857137,726.3693428571428,578.2195142857142,47.667271428571425,55.79964285714286,23.61498571428571,354.561,653.561,547.8537,48.304899999999996,55.7927,22.5976,-721.0,6914.0,166.0,7840.0,-12996.0,17692.0
1555506135.31,3.027871428571416,6.550514285714257,1.8013999999999442,0.3571428571428612,0.2142857142857153,0.0714285714285694,351.42159999999996,728.4947857142857,576.2752714285714,47.75437142857142,55.984314285714284,23.54355714285714,349.1707,657.8537,613.0488,47.390299999999996,56.4024,23.5,-638.0,5975.0,-63.0,6796.0,9068.0,13624.0
1555506135.32,3.341471428571424,18.48082857142856,10.055742857142832,0.34321428571428214,0.22822857142856634,0.38501428571428775,348.39372857142854,735.0453,574.4738714285714,48.11151428571428,55.77002857142857,23.47212857142857,346.0732,794.1463,597.0488,48.292699999999996,56.9024,24.0,-749.0,6200.0,-270.0,-700.0,13892.0,12532.0
1555506135.33,2.7282285714285877,21.7491285714284,8.641114285714252,0.1864142857142852,0.0435571428571464,0.20034285714285716,345.0522571428571,753.5261285714286,584.5296142857143,47.768299999999996,55.998257142857135,23.857142857142858,362.4634,797.5122,587.1463,46.890299999999996,55.4024,25.4024,-651.0,6112.0,-158.0,-7892.0,12272.0,16120.0
1555506135.34,3.585357142857106,22.209057142857205,7.501742857142858,0.08535714285714135,0.0714285714285694,0.027871428571433654,342.3240285714285,775.275257142857,593.1707285714285,47.58188571428571,56.04181428571428,24.057485714285715,346.4634,797.8049,551.5366,47.90239999999999,55.7927,23.0,-137.0,6768.0,132.0,-4892.0,-10632.0,21680.0
1555506135.35,0.885028571428677,0.2717714285714692,1.4564428571428607,0.0557428571428602,0.17247142857143416,0.013942857142854592,338.7386714285714,797.4843142857142,585.6689857142857,47.66724285714285,55.97038571428571,24.02961428571428,327.4634,785.9024,577.6341,48.5,55.0976,22.5,-285.0,7828.0,172.0,3916.0,-14300.0,15072.0
1555506135.36,5.285714285714221,1.2264857142856727,1.2717714285714692,0.5574857142857113,0.05748571428571836,0.4006857142857143,337.85364285714275,797.2125428571427,584.2125428571428,47.61149999999999,55.79791428571428,24.015671428571427,329.1707,787.9024,617.439,47.0975,56.5976,26.0,-767.0,6679.0,411.0,-4420.0,14368.0,14008.0
1555506135.37,2.8850142857143055,1.3937285714285963,0.02787142857141589,0.1550571428571459,0.015671428571430113,0.0992999999999995,332.5679285714285,795.986057142857,582.9407714285713,48.168985714285704,55.74042857142856,23.614985714285712,335.4634,805.8049,608.3415,47.0,56.0976,24.0,-61.0,6940.0,70.0,-8076.0,1932.0,24348.0
1555506135.38,1.013942857142922,1.4913000000000238,1.2717857142857838,0.2142857142857082,0.22821428571428726,0.1289142857142842,329.6829142857142,794.5923285714284,582.9128999999999,48.32404285714285,55.75609999999999,23.71428571428571,324.0732,813.3171,560.5366,47.98779999999999,55.9024,23.3049,-46.0,7363.0,-187.0,-1740.0,-12188.0,16912.0
1555506135.39,0.6864000000000487,1.6585428571429475,2.0,0.11497142857142961,0.15679999999998984,0.4721285714285699,330.69685714285714,796.0836285714284,584.1846857142857,48.10975714285714,55.98431428571428,23.843199999999996,339.878,792.2439,586.8537,47.9025,55.6951,23.9024,-544.0,6420.0,-183.0,5236.0,13028.0,14260.0
1555506135.4,0.05574285714283178,0.3275285714286156,6.986071428571449,0.12891428571428776,0.0714285714285694,0.04355714285714285,330.0104571428571,797.7421714285714,586.1846857142857,47.99478571428571,55.82751428571429,23.371071428571426,325.4634,788.9268,578.2439,50.792699999999996,55.0,22.5976,-478.0,6648.0,-184.0,-4892.0,-3156.0,23348.0
1555506135.41,2.2717714285714123,2.327528571428502,4.013928571428551,0.04354285714285311,0.11497142857143672,0.01568571428571275,329.95471428571426,797.4146428571428,579.1986142857143,48.1237,55.75608571428572,23.41462857142857,326.2683,788.0488,551.3415,48.98779999999999,55.9024,23.6951,-175.0,7791.0,4.0,-6088.0,-13404.0,15724.0
1555506135.42,2.0,0.7316999999999325,2.8850142857143055,0.1428571428571388,0.2142857142857082,0.05749999999999744,332.2264857142857,795.0871142857143,583.2125428571428,48.16724285714285,55.64111428571428,23.398942857142856,334.561,796.3415,586.5366,47.0,56.6951,23.4024,-621.0,7255.0,162.0,3788.0,13704.0,10792.0
1555506135.43,4.456442857142861,1.0313571428570185,1.9581857142858325,0.42682857142857245,0.10104285714285766,0.11497142857142961,334.2264857142857,794.3554142857143,586.0975571428571,48.024385714285714,55.85539999999999,23.456442857142854,324.3659,799.5122,631.439,46.292699999999996,55.5,22.6951,-519.0,6184.0,147.0,-5248.0,7164.0,21604.0
1555506135.44,3.128914285714302,2.724742857142701,0.2996428571427714,0.2421571428571454,0.142857142857153,0.0714285714285694,338.68292857142853,795.3867714285714,588.055742857143,47.59755714285714,55.75435714285713,23.571414285714283,335.0732,803.5122,559.439,47.9024,55.5976,24.3049,-83.0,7611.0,255.0,-10844.0,-17304.0,18356.0
1555506135.45,1.3310000000000741,1.0801285714287587,0.22995714285707436,0.1707285714285618,0.1707285714285689,0.11324285714285764,341.81184285714284,798.1115142857141,588.3553857142857,47.355399999999996,55.897214285714284,23.499985714285714,339.9756,797.0244,588.6341,48.29259999999999,55.0976,23.1951,-572.0,7080.0,-214.0,776.0,5068.0,9860.0
1555506135.46,4.529614285714217,0.25784285714291855,2.641114285714252,0.029614285714288258,0.029614285714288258,0.01568571428571275,343.1428428571429,799.1916428571428,588.5853428571428,47.52612857142856,55.726485714285715,23.61322857142857,353.878,787.122,607.0488,46.9025,57.1951,24.3049,-664.0,6079.0,58.0,3044.0,17608.0,14944.0
1555506135.47,1.2404142857142233,0.5574857142858036,9.52961428571416,0.1550571428571459,0.1707428571428551,0.2857142857142847,347.6724571428571,798.9337999999999,585.9442285714285,47.555742857142846,55.69687142857143,23.628914285714284,356.6585,796.1463,591.9512,47.804899999999996,54.2927,23.4024,-97.0,6066.0,4.0,-8416.0,-7196.0,23480.0
1555506135.48,0.9860571428571347,7.6585428571429475,2.926828571428473,0.14111428571428775,7.105427357601002e-15,0.14285714285714235,348.91287142857135,799.4912857142857,595.4738428571427,47.71079999999999,55.52612857142857,23.3432,348.1707,807.122,553.439,47.292699999999996,56.9024,23.1951,63.0,7194.0,125.0,-7216.0,-15280.0,16632.0
1555506135.49,1.2996571428571997,20.16725714285724,9.10104285714283,0.6132285714285715,0.29964285714285666,0.1864142857142852,349.8989285714285,791.8327428571428,592.5470142857142,47.569685714285704,55.526128571428565,23.486057142857142,343.878,803.9024,588.1463,48.1951,55.5,24.1951,-350.0,7518.0,-219.0,1208.0,-18012.0,8808.0
1555506135.5,1.7839714285714194,0.7456428571426841,1.6585285714285192,0.5696714285714322,0.027871428571422996,0.027885714285709184,351.1985857142857,771.6654857142855,583.4459714285714,48.182914285714276,55.22648571428571,23.299642857142857,356.0732,797.7073,612.9512,46.49999999999999,55.2927,22.8049,-749.0,5964.0,203.0,64.0,8128.0,13192.0
1555506135.51,0.5575000000000045,0.5575000000001182,1.3449571428570835,0.24390000000000356,0.17247142857143416,0.0871142857142928,349.41461428571426,770.9198428571428,581.7874428571429,48.75258571428571,55.198614285714285,23.327528571428566,343.7561,807.4146,626.1463,48.98779999999999,54.4024,22.3049,-432.0,5868.0,67.0,-10072.0,20096.0,23604.0
1555506135.52,0.24389999999999645,9.825771428571215,2.829257142857159,0.4564428571428607,0.18467142857143415,0.25610000000000355,349.97211428571427,770.3623428571427,583.1324,48.99648571428571,55.02614285714285,23.41464285714286,346.878,743.4146,568.1463,47.3048,55.0976,24.1951,-4.0,6988.0,54.0,-13280.0,1568.0,22736.0
1555506135.53,2.271785714285727,19.923342857142984,0.0313571428571322,0.35540000000000305,0.3013857142857148,0.2561,349.7282142857143,760.5365714285715,580.3031428571428,48.54004285714285,55.210814285714285,23.158542857142855,362.9756,645.9512,543.3415,51.1951,55.0976,23.0,-315.0,7255.0,404.0,-5756.0,-13572.0,16164.0
1555506135.54,0.2857142857142776,7.853657142857173,2.8571428571428896,0.7561000000000035,0.44251428571428164,0.28571428571428825,347.45642857142855,740.6132285714285,580.2717857142857,48.895442857142854,55.5122,23.414642857142855,344.1707,790.9268,580.3415,51.79259999999999,54.0976,23.5976,-459.0,7005.0,150.0,3556.0,-15708.0,12824.0
1555506135.55,0.4425142857142532,7.623685714285671,6.88502857142862,0.055757142857139286,0.15679999999999694,0.170728571428576,347.17071428571427,732.7595714285713,577.4146428571428,48.13934285714285,55.95471428571428,23.700357142857143,352.0732,803.2195,562.8537,49.0,55.6951,23.8049,-625.0,6429.0,-221.0,5192.0,-10220.0,10640.0
1555506135.56,2.7735142857142705,18.59929999999997,10.700342857142914,0.7560857142857103,0.37107142857142605,0.04355714285714285,347.6132285714285,725.1358857142857,584.2996714285714,48.19509999999999,55.797914285714285,23.529628571428567,342.1707,735.122,568.3415,44.99999999999999,56.7927,22.4024,-924.0,6334.0,232.0,2248.0,1968.0,11160.0
1555506135.57,0.42857142857138797,7.797899999999913,7.027871428571416,1.0992857142857133,0.7996428571428567,0.029614285714288258,344.83971428571425,743.7351857142856,595.0000142857143,47.43901428571428,56.16898571428571,23.486071428571424,340.1707,658.2439,612.7317,48.98779999999999,57.4024,24.5976,-649.0,5635.0,377.0,-1284.0,4548.0,11636.0
1555506135.58,1.0139428571428084,7.428571428571445,5.585357142857106,0.7421571428571454,0.4285714285714377,0.0871142857142857,345.26828571428564,735.9372857142857,602.0278857142857,46.339728571428566,56.96862857142857,23.515685714285713,341.7561,752.439,606.1463,43.6951,57.5,24.3049,-360.0,5518.0,315.0,-4100.0,7608.0,10748.0
1555506135.59,0.5853714285714773,1.4564571428571753,5.8850142857143055,0.0278714285714301,0.01394285714286525,0.2142857142857153,344.25434285714283,728.5087142857143,607.6132428571428,45.59757142857142,57.397200000000005,23.428571428571427,349.9756,690.0488,616.3415,47.6951,54.0,23.0,-552.0,5577.0,-151.0,-6364.0,7556.0,12036.0
1555506135.6,0.41464285714283733,20.954700000000003,1.2717714285714692,0.11672857142858106,0.31532857142857296,0.25609999999999644,344.8397142857143,727.0522571428571,613.4982571428571,45.56969999999999,57.38325714285714,23.642857142857142,343.561,776.1463,618.2439,45.9025,57.6951,22.6951,-585.0,5255.0,-441.0,-8224.0,12800.0,10628.0
1555506135.61,0.6027857142856874,6.599299999999971,0.11497142857149356,0.7299714285714316,0.31532857142857296,0.18641428571428875,345.25435714285715,748.0069571428571,614.7700285714286,45.68642857142857,57.06792857142857,23.386757142857146,347.1707,736.3415,629.5366,44.0976,59.6951,23.8049,-616.0,5309.0,-456.0,-8348.0,13256.0,10032.0
1555506135.62,0.05575714285714639,18.01392857142855,4.414642857142894,0.0871142857142857,0.25609999999999644,0.05748571428571836,345.85714285714283,754.6062571428571,614.6550571428571,46.4164,56.752599999999994,23.200342857142857,344.9756,751.2195,601.9512,43.8049,58.6951,23.1951,-659.0,5264.0,-158.0,-9240.0,14384.0,11356.0
1555506135.63,0.20208571428565847,2.940771428571452,1.9581857142856052,0.20032857142856386,0.37107142857142605,0.0871142857142857,345.9129,772.6201857142856,610.2404142857142,46.50351428571429,57.00869999999999,23.14285714285714,346.2683,724.9268,609.5366,44.8049,56.6951,23.9024,-453.0,5459.0,122.0,-7444.0,7396.0,10732.0
1555506135.64,0.013942857142922094,6.397214285714313,1.6864142857142497,0.5853571428571414,0.5278714285714301,0.2439,346.11498571428564,775.5609571428571,608.2822285714286,46.70384285714285,56.637628571428564,23.229971428571424,343.0732,804.9268,621.6341,49.8049,55.1951,22.8049,-674.0,5820.0,229.0,-6056.0,5556.0,13752.0
1555506135.65,0.6829285714285334,4.055757142857146,0.18815714285722152,0.3850142857142913,0.37107142857141895,0.1724714285714306,346.12892857142856,781.9581714285714,606.5958142857144,47.289199999999994,56.109757142857134,22.986071428571424,345.9756,798.6341,605.3415,48.804899999999996,55.2927,23.0,-396.0,6057.0,-238.0,-2720.0,-7340.0,15920.0
1555506135.66,0.2717714285713555,9.184671428571392,2.0,0.22821428571428726,0.1707285714285689,0.2003428571428536,346.8118571428571,786.0139285714286,606.4076571428571,47.674214285714285,55.738685714285715,23.158542857142855,350.3659,816.1463,585.439,48.304899999999996,55.7927,22.5976,-643.0,5937.0,-323.0,-2700.0,-12280.0,18364.0
1555506135.67,0.2857142857142776,2.487799999999993,12.898942857142856,0.2578428571428617,0.0,0.0156857142857163,346.54008571428574,795.1985999999999,604.4076571428571,47.90242857142857,55.567957142857146,22.9582,344.9756,796.7317,604.5366,47.3048,55.0976,23.3049,-297.0,5658.0,-440.0,-9428.0,-12592.0,20752.0
1555506135.68,0.20208571428577216,0.8989571428571708,1.0278714285713022,0.5156857142857234,0.029614285714281152,0.18641428571428165,346.8258,792.7108,591.5087142857143,47.64458571428571,55.567957142857146,22.942514285714285,347.2683,781.122,617.7317,48.1951,56.0,22.0976,-100.0,5417.0,311.0,-11540.0,-2980.0,17348.0
1555506135.69,0.15680000000003247,0.5714285714285552,6.087114285714279,0.515671428571423,0.15852857142857602,0.11497142857142961,346.62371428571424,793.6097571428571,592.5365857142856,47.12889999999999,55.59757142857143,23.128928571428567,349.7561,779.6098,600.6341,46.5,56.0976,24.4024,-156.0,4925.0,603.0,-6308.0,14468.0,11412.0
1555506135.7,0.2996571428571997,1.3170714285714666,0.38327142857133367,0.015671428571423007,0.08535714285713425,0.029614285714284705,346.4669142857142,793.0383285714286,598.6236999999999,46.613228571428564,55.7561,23.243899999999996,344.3659,789.2195,595.5366,46.4024,55.5,22.5,-464.0,4894.0,297.0,-1400.0,14872.0,12424.0
1555506135.71,1.0139428571428653,4.188142857142907,7.212542857142807,0.158542857142848,0.10104285714285766,0.1428571428571459,346.7665714285714,791.7212571428571,598.2404285714285,46.59755714285714,55.84145714285714,23.21428571428571,345.0732,787.5122,531.3415,48.0,55.1951,22.6951,-425.0,5506.0,-1.0,-3964.0,-4320.0,16388.0
1555506135.72,0.9686428571428678,3.8606142857142913,1.5993000000000848,0.01394285714285104,0.0714285714285694,0.2717714285714301,345.75262857142855,795.9094,591.0278857142857,46.75609999999999,55.74041428571428,23.357142857142858,344.561,804.9268,612.5366,45.1951,55.5,24.3049,-378.0,5535.0,-222.0,-8928.0,-15596.0,17992.0
1555506135.73,0.7421571428571951,1.2752571428570718,1.526128571428444,0.11325714285715094,0.013942857142858145,0.20034285714285716,344.7839857142857,799.7700142857143,589.4285857142856,46.74215714285714,55.66898571428571,23.085371428571428,349.2683,812.1463,628.0488,44.6952,56.9024,23.4024,-190.0,5280.0,114.0,-10624.0,-3084.0,13396.0
1555506135.74,0.17074285714289772,2.627171428571387,6.613228571428522,0.08537142857142044,0.0714285714285765,0.14285714285714235,345.5261428571429,801.0452714285714,587.9024571428572,46.85541428571429,55.65504285714285,23.285714285714285,347.0732,787.5122,601.8537,47.1951,55.6951,23.0976,-295.0,5325.0,-169.0,-5004.0,9564.0,14888.0
1555506135.75,0.18467142857144836,1.1567857142857747,3.9163714285714377,0.35888571428571225,0.029614285714295363,0.18641428571428875,345.3554,803.6724428571428,594.5156857142857,46.94078571428571,55.72647142857143,23.428571428571427,340.1707,810.439,567.2439,49.304899999999996,55.2927,23.0976,-357.0,5168.0,-252.0,-5428.0,-1248.0,16492.0
1555506135.76,3.0139428571428084,2.2160285714285237,6.428571428571445,0.7282000000000082,0.4006857142857072,0.14285714285714235,345.1707285714285,802.515657142857,598.4320571428572,47.29967142857142,55.696857142857134,23.24215714285714,342.9756,806.6341,589.439,46.4024,55.5976,22.5,-335.0,4385.0,738.0,-7492.0,3108.0,11972.0
1555506135.77,2.372828571428613,1.17072857142864,1.2404142857142233,0.29965714285714284,0.11324285714285054,0.013928571428575509,342.1567857142857,800.2996285714285,592.0034857142857,48.02787142857143,55.29617142857143,23.099299999999996,349.561,798.1463,584.8537,47.1952,55.4024,23.9024,-291.0,5017.0,477.0,-5744.0,7060.0,14132.0
1555506135.78,2.8432000000000244,2.3275285714286156,0.17072857142852627,0.41462857142857956,0.12891428571427355,0.14285714285714235,339.7839571428571,801.4703571428571,593.2438999999999,48.32752857142857,55.182928571428576,23.11322857142857,343.878,805.9024,577.6341,48.5976,55.6951,23.6951,-351.0,5189.0,-510.0,-8304.0,-4704.0,16300.0
1555506135.79,3.8153285714285516,2.641114285714252,6.156799999999976,0.32752857142856584,0.08535714285714846,0.21428571428571175,336.9407571428571,799.1428285714285,593.0731714285714,47.91289999999999,55.31184285714285,23.256085714285714,343.2683,796.8293,639.9512,47.7073,55.2927,23.0,-20.0,4735.0,156.0,-9936.0,6580.0,13904.0
1555506135.8,4.0975714285714275,0.2508714285714859,1.0836142857142477,0.0993000000000066,0.0,0.07142857142857295,333.12542857142853,796.5017142857142,599.2299714285714,48.24042857142856,55.3972,23.470371428571426,328.1707,796.6341,583.0488,49.79259999999999,54.0976,22.4024,-478.0,4984.0,-39.0,-6148.0,2172.0,17760.0
1555506135.81,2.686399999999935,1.3937285714284826,2.331014285714332,0.3135999999999939,0.013942857142858145,0.0156857142857163,329.0278571428571,796.7525857142857,600.3135857142856,48.339728571428566,55.3972,23.398942857142853,330.4634,795.7073,610.5366,49.292699999999996,54.9024,23.1951,-271.0,4436.0,199.0,-8560.0,4428.0,13688.0
1555506135.82,3.543557142857196,0.9547142857143172,12.257842857142919,0.25609999999998934,0.0714285714285694,0.057485714285711254,326.34145714285717,795.3588571428572,602.6446,48.02612857142857,55.411142857142856,23.41462857142857,320.2683,794.1463,566.0488,46.4025,56.1951,24.0976,-320.0,4443.0,458.0,-7880.0,3760.0,14872.0
1555506135.83,0.4285714285714448,0.2439000000000533,0.456442857142747,0.6707142857142827,0.4006857142857143,0.08537142857142399,322.79789999999997,794.4041428571429,590.386757142857,48.28222857142856,55.482571428571426,23.357142857142858,316.2683,788.1463,632.5366,48.6951,56.1951,24.0,-43.0,4180.0,165.0,-8800.0,-2388.0,13588.0
1555506135.84,0.9547000000000025,1.2055714285713748,6.254357142857202,0.12718571428570868,0.2421714285714316,0.1289285714285704,323.2264714285714,794.1602428571429,589.9303142857143,47.61151428571428,55.88325714285714,23.44251428571428,320.878,799.9024,592.439,47.890299999999996,55.4024,23.4024,-174.0,4620.0,168.0,-6048.0,-1716.0,16700.0
1555506135.85,1.8013857142856864,0.7247428571428145,6.613242857142836,0.17248571428572035,0.0278714285714301,0.21428571428571175,322.2717714285714,795.3658142857142,583.6759571428571,47.48432857142857,56.12542857142857,23.571442857142852,325.0732,796.1463,593.9512,46.40239999999999,55.7927,23.8049,-315.0,4086.0,-205.0,-9288.0,3616.0,11892.0
1555506135.86,0.15680000000003247,1.7142857142857792,4.341471428571367,0.0714285714285694,0.15678571428571786,0.2282285714285699,324.0731571428571,796.090557142857,590.2891999999999,47.31184285714285,56.09755714285714,23.35715714285714,318.4634,790.1463,554.1463,49.49999999999999,55.7927,22.5976,-301.0,4766.0,-493.0,-9652.0,-2992.0,16628.0
1555506135.87,0.11497142857137987,0.20209999999997308,4.9547000000000025,0.24388571428571737,0.05575714285714639,0.027885714285712737,324.22995714285713,797.8048428571428,585.9477285714286,47.38327142857142,55.94077142857142,23.12892857142857,331.1707,794.9268,579.8537,45.0976,56.9024,23.0,-346.0,3993.0,368.0,-5992.0,-388.0,16400.0
1555506135.88,0.801400000000001,0.9755999999999858,0.3972142857141989,0.06968571428571124,0.17247142857142705,0.041814285714284694,324.11498571428575,798.0069428571428,580.9930285714286,47.627157142857136,55.99652857142857,23.156814285714283,323.7805,804.1463,566.7561,48.4024,56.5976,24.0976,-272.0,3108.0,98.0,-6712.0,3292.0,11552.0
1555506135.89,2.7421571428570815,2.2229999999999563,3.8989571428572845,0.4721285714285699,0.12891428571428776,0.02961428571429181,323.31358571428575,797.0313428571428,581.3902428571428,47.69684285714285,56.169,23.198628571428568,332.878,799.2195,612.3415,45.1951,56.0,22.5976,-128.0,3979.0,40.0,-10908.0,-3272.0,11380.0
1555506135.9,1.8013857142856864,0.28571428571422075,8.898942857142742,0.48605714285714186,0.24390000000000356,0.1707285714285689,326.05574285714283,799.2543428571428,585.2892,47.22471428571428,56.297914285714285,23.22824285714286,317.3659,800.1463,602.1463,49.1951,55.0976,22.4024,-213.0,4391.0,250.0,-8492.0,-3348.0,16220.0
1555506135.91,0.501742857142915,1.7003428571426866,1.3135857142856366,0.0714285714285694,0.1149857142857158,0.11324285714285764,324.25435714285715,799.540057142857,594.1881428571428,47.71077142857142,56.05401428571428,23.39897142857143,320.0732,801.3171,557.7561,49.59749999999999,55.7927,23.5976,-727.0,3454.0,204.0,-5632.0,2804.0,18460.0
1555506135.92,1.728214285714273,0.4250857142858422,4.686400000000049,0.6149857142857087,0.24389999999999645,0.2003428571428536,323.75261428571423,797.8397142857143,595.5017285714284,47.63934285714285,55.939028571428565,23.28572857142857,319.4634,789.3171,596.7317,46.89019999999999,57.0,24.0976,-105.0,2547.0,160.0,-6728.0,7040.0,15708.0
1555506135.93,1.5574857142857468,0.7805000000000746,0.14285714285711038,0.08537142857143465,0.08537142857142754,0.1289285714285704,322.02439999999996,797.4146285714285,600.1881285714285,48.25432857142856,55.69512857142857,23.486071428571424,337.6585,805.7073,581.439,46.1951,56.6951,22.8049,10.0,2910.0,-431.0,-7888.0,-1112.0,12480.0
1555506135.94,0.41462857142857956,1.0871142857142786,8.682928571428647,0.2578285714285684,0.11324285714285764,0.027885714285712737,323.5818857142857,798.1951285714285,600.3309857142856,48.33969999999999,55.60975714285714,23.614999999999995,318.561,796.9268,642.1463,48.5,55.1951,24.1951,185.0,4013.0,-72.0,-10304.0,-9268.0,11412.0
1555506135.95,0.5714285714285552,1.6585285714286329,2.041814285714281,0.17248571428571324,0.1864142857142923,0.07142857142856585,323.9965142857143,797.1080142857143,609.0139142857142,48.081871428571425,55.496514285714284,23.587114285714282,320.2683,792.2439,575.9512,47.90239999999999,55.7927,23.3049,-89.0,4199.0,108.0,-11488.0,-6836.0,13360.0
1555506135.96,2.4564428571428607,0.6689857142857818,8.34147142857148,0.41462857142857246,0.12891428571428776,0.0435571428571464,324.56794285714284,798.7665428571429,606.9721,48.25435714285714,55.31009999999999,23.515685714285716,320.7805,796.2439,645.1463,49.49999999999999,54.2927,24.0,-748.0,3610.0,288.0,-11012.0,-1088.0,14132.0
1555506135.97,1.0731714285714133,1.0034857142856026,9.18465714285719,0.027885714285709184,0.11324285714285054,0.28571428571428115,322.1115,798.0975571428571,615.3135714285714,48.66898571428571,55.181185714285704,23.47212857142857,328.2683,805.6098,603.1463,49.792699999999996,54.5,23.3049,-745.0,3490.0,306.0,-10436.0,3492.0,14292.0
1555506135.98,0.6724714285714413,0.6341428571429333,4.898957142857171,0.2142857142857082,0.1149857142857158,0.013928571428568404,323.1846714285714,797.0940714285715,606.1289142857142,48.69687142857142,55.06794285714285,23.18641428571429,322.9756,793.7073,618.5366,47.792699999999996,55.0,23.4024,-640.0,3319.0,101.0,-10160.0,2864.0,12924.0
1555506135.99,2.7839714285714194,0.2717714285713555,10.299642857142885,0.6567999999999969,0.3292714285714311,0.12891428571428776,322.51219999999995,796.4599285714286,611.0278714285714,48.48258571428571,55.18292857142857,23.200342857142857,323.4634,800.9268,582.439,48.0976,55.6951,23.5976,-565.0,3268.0,7.0,-9788.0,2760.0,12072.0
1555506136.0,0.8013999999999442,1.7003571428572286,0.9721142857142695,0.484328571428577,0.11324285714285054,0.013928571428571956,325.29617142857137,796.7316999999999,600.7282285714285,47.825785714285715,55.5122,23.07142857142857,320.4634,801.0244,639.8293,49.09749999999999,55.7927,22.5,-750.0,3244.0,204.0,-8508.0,2568.0,12512.0
1555506136.01,5.912899999999979,0.8083571428570622,8.111500000000092,0.2142857142857082,0.05748571428571836,0.02788571428571629,324.4947714285714,795.0313428571427,599.7561142857143,47.34145714285714,55.62544285714285,23.08535714285714,326.0732,789.9024,577.8537,48.6952,54.4024,22.1951,-432.0,3554.0,35.0,-8904.0,1704.0,12944.0
1555506136.02,4.400699999999972,0.5435571428571393,2.4425142857144237,0.1428571428571459,0.10104285714285766,0.1289285714285704,330.4076714285714,794.2229857142856,591.6446142857142,47.555742857142846,55.68292857142857,23.113242857142858,315.561,787.8049,610.2439,46.4024,56.5976,23.4024,-504.0,3108.0,182.0,-10080.0,-484.0,14468.0
1555506136.03,5.8850142857143055,2.5853714285714204,6.61324285714295,0.37107142857142605,0.1428571428571388,0.02787142857142655,334.8083714285714,794.7665428571428,594.0871285714286,47.69859999999999,55.78397142857143,22.984314285714287,340.2683,798.1463,573.0488,44.9024,56.5976,23.0976,-485.0,2884.0,-256.0,-9672.0,-1592.0,13428.0
1555506136.04,5.87107142857144,4.68990000000008,5.369328571428582,0.2143000000000015,0.22822857142857345,0.14285714285714235,340.6933857142857,792.1811714285714,587.4738857142856,47.327528571428566,55.926828571428565,23.012185714285714,322.6585,793.7073,596.3415,46.40239999999999,55.2927,23.4024,-54.0,2683.0,-98.0,-10164.0,-1988.0,14972.0
1555506136.05,7.271771428571412,1.6306571428571033,0.6585428571427201,0.5000142857142862,0.12892857142857395,0.013928571428571956,346.5644571428571,796.8710714285714,592.8432142857142,47.113228571428564,56.15505714285714,23.155042857142856,364.3659,788.0488,561.7561,49.292699999999996,55.4024,23.5976,46.0,2466.0,-235.0,-8508.0,-3368.0,13336.0
1555506136.06,3.069685714285754,1.8606142857142913,0.5993000000001985,0.08537142857143465,0.013942857142858145,0.10104285714285766,353.83622857142853,798.5017285714285,592.1846714285715,47.61324285714285,56.026128571428565,23.141114285714284,354.2683,804.7317,599.5366,49.0976,56.4024,22.6951,22.0,2287.0,118.0,-7572.0,1196.0,13416.0
1555506136.07,5.515685714285667,2.090599999999995,0.8571428571428896,0.1428571428571459,0.6428571428571459,0.14285714285714235,356.9059142857143,796.6411142857143,591.5853714285713,47.698614285714285,56.01218571428571,23.242157142857142,361.6585,782.9268,593.5366,46.49999999999999,56.7927,22.6951,246.0,2376.0,38.0,-7448.0,2080.0,13456.0
1555506136.08,1.470385714285726,0.20905714285720478,7.184671428571505,0.1864142857142852,0.05748571428571836,0.02788571428571629,362.42159999999996,798.7317142857142,592.4425142857142,47.55575714285714,56.65504285714285,23.0993,367.1707,822.7317,615.439,47.1951,56.0,23.1951,-478.0,3012.0,-60.0,-8364.0,-48.0,15064.0
1555506136.09,0.3728142857142984,1.8745571428571566,4.414642857142894,0.0993000000000066,0.07142857142856229,0.2857142857142847,360.95121428571423,798.9407714285715,599.6271857142857,47.742171428571424,56.597557142857134,23.071414285714283,366.4634,799.2195,605.6341,49.9025,55.6951,23.3049,-972.0,2608.0,73.0,-8968.0,-2972.0,11712.0
1555506136.1,1.097557142857113,2.341471428571367,1.5853571428572195,0.2578428571428546,0.1428571428571459,0.24390000000000356,361.3240285714285,797.0662142857143,595.2125428571428,47.84147142857143,56.52612857142857,23.357128571428568,361.7561,785.122,568.8537,45.5,56.5,23.8049,-297.0,2553.0,174.0,-11788.0,1820.0,15876.0
1555506136.11,1.930314285714303,5.386757142857277,6.0,0.24391428571428264,0.027871428571422996,0.0992999999999995,360.2264714285714,799.4076857142857,596.7979,48.099314285714286,56.383271428571426,23.60102857142857,361.2683,808.3415,602.3415,45.40239999999999,59.7927,22.4024,-220.0,2139.0,237.0,-8936.0,-3564.0,13068.0
1555506136.12,1.1149857142857513,1.5261285714286714,4.358885714285748,0.2143000000000015,0.12891428571427355,0.0871142857142857,358.2961571428571,794.0209285714284,590.7979,48.34322857142857,56.41114285714285,23.501728571428572,354.0732,789.5122,612.0488,50.5976,55.0,23.4024,419.0,2069.0,250.0,-9160.0,844.0,13668.0
1555506136.13,0.48780000000004975,0.8153285714284948,3.5400571428571084,0.39894285714285616,0.20034285714286426,0.0871142857142857,357.18117142857136,795.547057142857,595.1567857142858,48.12892857142857,56.282228571428575,23.414614285714286,356.878,791.6098,568.6341,49.792699999999996,55.9024,24.6951,247.0,2372.0,-167.0,-8384.0,-944.0,11272.0
1555506136.14,0.06968571428575387,1.8466999999999416,2.3693428571428967,0.4285714285714306,0.5992999999999924,0.0714285714285694,357.6689714285714,796.3623857142856,598.6968428571429,48.52787142857142,56.08188571428571,23.3275,353.9756,799.3171,604.6341,48.304899999999996,55.7927,24.4024,-763.0,2446.0,214.0,-9184.0,-4480.0,12100.0
1555506136.15,0.5121857142856925,2.8292714285714737,7.58537142857142,0.013942857142858145,0.3850142857142771,0.1010428571428541,357.73865714285716,794.5156857142856,596.3275,48.956442857142854,55.48258571428572,23.39892857142857,353.6585,785.0244,573.439,48.9025,56.1951,22.5,-302.0,2009.0,131.0,-8784.0,-3424.0,14872.0
1555506136.16,0.6306571428571601,0.9268285714285867,5.930314285714189,0.08535714285714135,0.08537142857142044,0.28571428571428825,358.25084285714286,797.3449571428571,588.7421285714286,48.942499999999995,55.867599999999996,23.297885714285716,358.6585,809.9024,636.1463,48.40239999999999,54.7927,22.6951,-157.0,2195.0,-214.0,-7372.0,-2932.0,13172.0
1555506136.17,1.3275285714285587,2.1602714285713773,1.013928571428437,0.5696714285714322,0.04355714285715351,0.17247142857142705,357.6201857142857,796.4181285714285,594.6724428571428,49.02785714285714,55.952971428571416,23.012171428571428,365.1707,790.8293,593.6341,48.29259999999999,55.0976,23.1951,-294.0,1885.0,-244.0,-9036.0,1732.0,13544.0
1555506136.18,0.7595857142857199,2.6132428571428363,0.543557142857253,0.0993142857142928,0.29965714285714284,0.20034285714285716,358.94771428571426,798.5783999999999,593.6585142857143,49.59752857142857,55.99652857142857,22.8397,361.7561,795.4146,585.7561,48.4024,55.5976,22.9024,-110.0,2042.0,88.0,-10304.0,2120.0,13520.0
1555506136.19,0.29965714285714284,2.3135857142856366,2.686399999999935,0.3414571428571449,0.2578428571428546,0.0,359.7073,801.1916428571427,593.1149571428571,49.498214285714276,56.29618571428571,23.040042857142858,357.6585,809.3171,558.9512,50.5,57.6951,22.6951,30.0,1864.0,103.0,-8556.0,-4804.0,12408.0
1555506136.2,1.170728571428583,2.2857142857142208,3.4146428571427805,0.05748571428571836,0.48605714285714186,0.1289285714285704,360.0069571428571,798.8780571428571,590.4285571428571,49.83967142857142,56.55402857142857,23.040042857142858,352.4634,785.122,610.1463,50.39019999999999,56.5,22.6951,-435.0,2098.0,118.0,-8948.0,-3080.0,14180.0
1555506136.21,0.5400714285713661,0.627171428571387,0.34494285714276884,0.041828571428574435,0.3292571428571449,0.0714285714285694,358.83622857142853,801.1637714285713,593.8431999999999,49.7821857142857,57.04008571428571,23.168971428571428,363.2683,814.439,597.5366,52.29259999999999,56.0976,23.1951,7.0,1622.0,80.0,-10196.0,-988.0,13668.0
1555506136.22,0.9128857142857782,1.4982571428571418,1.0,0.3135857142857148,0.01394285714285104,0.0871142857142857,358.29615714285717,800.5365999999999,593.4982571428571,49.82401428571428,57.369342857142854,23.240399999999998,358.9756,803.3171,569.6341,48.2073,58.2927,23.9024,-33.0,1805.0,-99.0,-8956.0,472.0,13504.0
1555506136.23,0.14285714285716722,2.411142857142977,1.7874571428571926,0.11324285714285764,0.11324285714285764,0.1289285714285704,357.3832714285714,799.0383428571428,594.4982571428571,49.51042857142856,57.383285714285705,23.327514285714283,360.7561,793.7073,617.3415,50.79259999999999,56.5976,22.6951,-145.0,1278.0,38.0,-10080.0,1548.0,13132.0
1555506136.24,0.02787142857141589,5.17072857142864,1.672471428571498,0.527871428571423,0.5000000000000071,0.1289285714285704,357.52612857142856,801.4494857142857,592.7108,49.397185714285705,57.49652857142856,23.456442857142854,356.9756,806.8293,617.5366,47.89019999999999,58.5,24.0976,-75.0,1734.0,86.0,-9464.0,-864.0,14828.0
1555506136.25,1.0557571428571464,0.45992857142846333,3.857142857142776,0.11324285714285054,0.041814285714288246,0.0853571428571378,357.554,796.2787571428571,594.3832714285714,48.86931428571428,57.99652857142857,23.585371428571424,357.9756,791.0244,583.3415,48.6952,57.9024,23.4024,-175.0,1464.0,173.0,-8092.0,-3088.0,13068.0
1555506136.26,0.6968714285713986,1.6515714285712875,2.7839714285713626,0.15678571428570365,0.057485714285711254,0.1585428571428551,358.6097571428571,796.7386857142856,598.2404142857142,48.98255714285713,57.95471428571428,23.500014285714286,351.2683,798.8293,565.9512,48.304899999999996,57.7927,23.3049,-65.0,1330.0,72.0,-11916.0,1256.0,14488.0
1555506136.27,0.4007000000000289,0.459928571428577,4.341471428571481,0.027871428571437207,0.04355714285713219,0.11324285714285764,357.9128857142857,795.0871142857143,595.4564428571429,48.82577142857143,58.01219999999999,23.65855714285714,353.4634,802.0,597.6341,49.59749999999999,57.2927,23.5976,-204.0,1137.0,56.0,-11336.0,-696.0,11480.0
1555506136.28,0.04529999999999745,2.2439000000000533,2.1428571428571104,0.18467142857142704,0.029614285714281152,0.10104285714285766,357.5121857142857,794.6271857142857,591.1149714285714,48.79789999999999,57.96864285714286,23.545314285714284,363.4634,778.2439,609.2439,48.5975,59.5976,24.0976,-131.0,1652.0,-32.0,-5692.0,-1384.0,11276.0
1555506136.29,1.1010428571427724,1.1428571428571104,1.8850142857143055,0.20034285714285716,0.12891428571428065,0.07142857142857295,357.4668857142857,796.8710857142858,588.9721142857143,48.613228571428564,57.93902857142858,23.444271428571426,366.3659,806.5366,596.6341,49.0,58.0,23.3049,-149.0,1535.0,-7.0,-6092.0,-976.0,10508.0
1555506136.3,1.2299714285715027,1.8884999999999081,0.9860714285713357,0.08537142857142754,0.029614285714281152,0.013942857142858145,358.56792857142847,795.7282285714286,590.8571285714286,48.41288571428571,58.06794285714286,23.5157,355.878,782.1463,597.8537,49.6951,57.0,23.8049,-130.0,1484.0,238.0,-9092.0,-6808.0,10140.0
1555506136.31,0.27178571428572695,1.7561000000000604,1.7421571428570815,0.0714285714285694,0.1864142857142923,0.20035714285714334,359.79789999999997,797.6167285714286,591.8431999999999,48.498257142857135,58.09755714285714,23.50175714285714,354.1707,803.6098,587.1463,47.6951,58.1951,23.3049,-255.0,493.0,62.0,-9196.0,10780.0,19240.0
1555506136.32,0.3553999999999178,0.2996571428571997,0.6167285714286663,0.029628571428574446,0.013942857142858145,0.1289285714285704,360.0696857142857,799.3728285714286,593.585357142857,48.426828571428565,57.91114285714285,23.301399999999997,357.6585,806.7317,568.3415,47.4025,57.6951,22.6951,74.0,1649.0,-170.0,-8796.0,-16152.0,13964.0
1555506136.33,3.6968714285715123,0.3902428571427663,2.9128857142857214,0.2857142857142847,0.057485714285711254,0.14285714285714235,360.4250857142856,799.0731714285714,594.2020857142857,48.39719999999999,57.92508571428571,23.172471428571427,358.9756,790.8293,579.1463,46.9025,58.6951,23.8049,-37.0,990.0,-155.0,-4840.0,-12852.0,11036.0
1555506136.34,1.5714285714285552,0.8710857142857549,4.069685714285697,0.15678571428571075,0.0435571428571393,0.05574285714285665,364.1219571428571,798.6829285714286,597.1149714285714,48.111485714285706,57.867599999999996,23.029614285714285,362.0732,815.2195,604.5366,50.1951,57.5,23.5,-112.0,1007.0,-305.0,-4796.0,-12888.0,13212.0
1555506136.35,1.243914285714311,2.871085714285755,5.358885714285748,0.6289142857142878,0.0,0.0156857142857163,365.6933857142857,797.8118428571429,601.1846571428571,47.954699999999995,57.911157142857135,23.08535714285714,365.3659,790.5366,621.439,48.09749999999999,58.2927,22.6951,-214.0,646.0,422.0,-10452.0,-9376.0,14040.0
1555506136.36,0.9442428571429105,0.8989571428571708,3.8850285714285064,0.843199999999996,0.34319999999998885,0.14285714285714235,366.9373,794.9407571428571,606.5435428571428,48.58361428571428,57.911157142857135,23.101042857142858,368.8537,804.439,600.9512,48.79259999999999,58.0976,22.4024,141.0,321.0,378.0,-11588.0,7524.0,17568.0
1555506136.37,0.47038571428572595,3.1289142857144725,0.22648571428567266,0.15678571428571786,7.105427357601002e-15,0.057485714285714806,365.9930571428571,795.8397142857143,610.4285714285713,49.42681428571428,57.567957142857146,22.958185714285715,381.7561,779.4146,618.2439,47.6951,56.5976,22.8049,-501.0,590.0,310.0,-9068.0,-5396.0,6544.0
1555506136.38,0.28571428571433444,3.1846714285713915,5.783971428571476,0.20035714285715045,0.08537142857143465,0.01568571428571275,366.4634428571428,792.7107999999998,610.2020857142857,49.27002857142856,57.56795714285714,23.01567142857143,365.1707,797.5122,615.6341,46.5976,58.5,23.6951,-1058.0,522.0,1014.0,-12096.0,-3808.0,11732.0
1555506136.39,2.498257142857142,0.3902428571427663,2.9999999999998863,0.35889999999999134,0.1864142857142852,0.09931428571428569,366.74915714285714,795.8954714285712,604.4181142857142,49.47038571428571,57.482585714285705,23.031357142857143,366.3659,786.6341,605.8537,51.8049,57.6951,22.8049,211.0,931.0,1460.0,-14908.0,7760.0,20296.0
1555506136.4,1.115000000000009,2.1881285714284786,1.5330857142856757,0.7316857142857032,0.20382857142858057,0.7717285714285715,364.2509,795.5052285714285,601.4181142857143,49.8292857142857,57.29617142857142,23.13067142857143,352.3659,797.122,606.3415,52.804899999999996,56.2927,22.8049,-355.0,959.0,703.0,-8852.0,2996.0,11796.0
1555506136.41,2.0,19.512200000000007,22.0,0.4024000000000001,0.1950999999999965,1.0975000000000001,365.3659,793.3171,602.9512,49.0976,57.5,23.9024,365.3659,793.3171,602.9512,49.0976,57.5,23.9024,-590.0,266.0,-709.0,-11748.0,7328.0,8712.0
1555506136.42,16.0,11.121999999999957,1.0,1.8048999999999964,0.902399999999993,0.29269999999999996,367.3659,812.8293,580.9512,49.5,57.6951,22.8049,367.3659,812.8293,580.9512,49.5,57.6951,22.8049,-408.0,492.0,-1148.0,-11512.0,-2116.0,14136.0
1555506136.43,0.0,0.0,0.0,0.0,0.0,0.0,351.3659,801.7073,579.9512,51.304899999999996,56.7927,23.0976,351.3659,801.7073,579.9512,51.304899999999996,56.7927,23.0976,-169.0,-65.0,-216.0,-10604.0,4728.0,16052.0
